{"elements":[{"from":[6.6869845,0.33786774,6.7464285],"to":[9.286984,8.137869,10.089286],"rotation":{"angle":0.0,"axis":"y","origin":[3.7155561,7.3950114,7.117857]},"faces":{"east":{"uv":[3.4375,7.0625,3.8125,7.9375],"rotation":0,"texture":"#0","tintindex":0},"south":{"uv":[5.375,7.5,5.6875,8.375],"rotation":0,"texture":"#0","tintindex":0},"north":{"uv":[5.0625,7.5,5.375,8.375],"rotation":0,"texture":"#0","tintindex":0},"west":{"uv":[4.6875,7.125,5.0625,8.0],"rotation":0,"texture":"#0","tintindex":0},"up":{"uv":[2.75,5.8125,2.4375,5.4375],"rotation":0,"texture":"#0","tintindex":0},"down":{"uv":[3.875,8.125,3.5625,8.5],"rotation":0,"texture":"#0","tintindex":0}}},{"from":[7.9869847,-3.7478466,5.2607145],"to":[7.9869847,2.1950107,10.460714],"rotation":{"angle":0.0,"axis":"y","origin":[3.7155561,7.3950114,7.4892855]},"faces":{"east":{"uv":[6.6875,4.6875,7.25,5.3125],"rotation":0,"texture":"#0","tintindex":0},"south":{"uv":[0.0,0.0,0.0,0.625],"rotation":0,"texture":"#0","tintindex":0},"north":{"uv":[0.0,0.0,0.0,0.625],"rotation":0,"texture":"#0","tintindex":0},"west":{"uv":[6.75,0.9375,7.3125,1.5625],"rotation":0,"texture":"#0","tintindex":0},"up":{"uv":[0.0,0.5625,0.0,0.0],"rotation":0,"texture":"#0","tintindex":0},"down":{"uv":[0.0,0.0,0.0,0.5625],"rotation":0,"texture":"#0","tintindex":0}}},{"from":[9.844128,-3.7478466,5.2607145],"to":[9.844128,2.1950107,10.460714],"rotation":{"angle":22.5,"axis":"z","origin":[9.101271,-0.033560753,6.9321427]},"faces":{"east":{"uv":[5.3125,6.875,5.875,7.5],"rotation":0,"texture":"#0","tintindex":0},"south":{"uv":[0.0,0.0,0.0,0.625],"rotation":0,"texture":"#0","tintindex":0},"north":{"uv":[0.0,0.0,0.0,0.625],"rotation":0,"texture":"#0","tintindex":0},"west":{"uv":[5.875,6.875,6.4375,7.5],"rotation":0,"texture":"#0","tintindex":0},"up":{"uv":[0.0,0.5625,0.0,0.0],"rotation":0,"texture":"#0","tintindex":0},"down":{"uv":[0.0,0.0,0.0,0.5625],"rotation":0,"texture":"#0","tintindex":0}}},{"from":[6.4641275,-4.862132,5.2607145],"to":[6.4641275,1.0807252,10.460714],"rotation":{"angle":-22.5,"axis":"z","origin":[9.101271,-0.033560753,6.9321427]},"faces":{"east":{"uv":[7.0,5.75,7.5625,6.375],"rotation":0,"texture":"#0","tintindex":0},"south":{"uv":[0.0,0.0,0.0,0.625],"rotation":0,"texture":"#0","tintindex":0},"north":{"uv":[0.0,0.0,0.0,0.625],"rotation":0,"texture":"#0","tintindex":0},"west":{"uv":[7.0,6.375,7.5625,7.0],"rotation":0,"texture":"#0","tintindex":0},"up":{"uv":[0.0,0.5625,0.0,0.0],"rotation":0,"texture":"#0","tintindex":0},"down":{"uv":[0.0,0.0,0.0,0.5625],"rotation":0,"texture":"#0","tintindex":0}}}],"textures":{"0":"modelengine:entity/darkprincess_gama05_condrag"},"display":{"head":{"translation":[0.0,-6.4,0.0],"scale":[4.0,4.0,4.0]}}}