{"elements":[{"from":[11.342857,0.5714283,6.5142856],"to":[13.942858,8.742857,10.6],"rotation":{"angle":22.5,"axis":"x","origin":[12.642858,5.5857143,8.557143]},"faces":{"east":{"uv":[2.4375,3.5,2.875,4.375],"rotation":0,"texture":"#0","tintindex":0},"south":{"uv":[7.3125,2.8125,7.625,3.6875],"rotation":0,"texture":"#0","tintindex":0},"north":{"uv":[7.3125,0.9375,7.625,1.8125],"rotation":0,"texture":"#0","tintindex":0},"west":{"uv":[1.5,4.0,1.9375,4.875],"rotation":0,"texture":"#0","tintindex":0},"up":{"uv":[4.875,2.4375,4.5625,2.0],"rotation":0,"texture":"#0","tintindex":0},"down":{"uv":[8.4375,2.25,8.125,2.6875],"rotation":0,"texture":"#0","tintindex":0}}},{"from":[10.578584,-7.126996,2.0571427],"to":[10.578584,-1.1841393,7.257143],"rotation":{"angle":0.0,"axis":"z","origin":[12.668888,-2.0285711,4.935714]},"faces":{"east":{"uv":[5.3125,6.25,5.875,6.875],"rotation":0,"texture":"#0","tintindex":0},"south":{"uv":[0.0,0.0,0.0,0.625],"rotation":0,"texture":"#0","tintindex":0},"north":{"uv":[0.0,0.0,0.0,0.625],"rotation":0,"texture":"#0","tintindex":0},"west":{"uv":[5.875,6.25,6.4375,6.875],"rotation":0,"texture":"#0","tintindex":0},"up":{"uv":[0.0,0.5625,0.0,0.0],"rotation":0,"texture":"#0","tintindex":0},"down":{"uv":[0.0,0.0,0.0,0.5625],"rotation":0,"texture":"#0","tintindex":0}}},{"from":[14.87574,-7.9599113,3.5428567],"to":[14.87574,-2.0170546,8.742857],"rotation":{"angle":45.0,"axis":"x","origin":[12.668888,-2.0285711,4.935714]},"faces":{"east":{"uv":[1.3125,6.4375,1.875,7.0625],"rotation":0,"texture":"#0","tintindex":0},"south":{"uv":[0.0,0.0,0.0,0.625],"rotation":0,"texture":"#0","tintindex":0},"north":{"uv":[0.0,0.0,0.0,0.625],"rotation":0,"texture":"#0","tintindex":0},"west":{"uv":[1.875,6.4375,2.4375,7.0625],"rotation":0,"texture":"#0","tintindex":0},"up":{"uv":[0.0,0.5625,0.0,0.0],"rotation":0,"texture":"#0","tintindex":0},"down":{"uv":[0.0,0.0,0.0,0.5625],"rotation":0,"texture":"#0","tintindex":0}}},{"from":[12.642858,-6.8571434,2.0571427],"to":[12.642858,-0.9142866,7.257143],"rotation":{"angle":45.0,"axis":"x","origin":[12.668888,-2.0285711,4.935714]},"faces":{"east":{"uv":[2.4375,6.4375,3.0,7.0625],"rotation":0,"texture":"#0","tintindex":0},"south":{"uv":[0.0,0.0,0.0,0.625],"rotation":0,"texture":"#0","tintindex":0},"north":{"uv":[0.0,0.0,0.0,0.625],"rotation":0,"texture":"#0","tintindex":0},"west":{"uv":[3.0,6.4375,3.5625,7.0625],"rotation":0,"texture":"#0","tintindex":0},"up":{"uv":[0.0,0.5625,0.0,0.0],"rotation":0,"texture":"#0","tintindex":0},"down":{"uv":[0.0,0.0,0.0,0.5625],"rotation":0,"texture":"#0","tintindex":0}}},{"from":[9.857143,-2.0285711,3.5428567],"to":[15.428572,1.6857138,6.885714],"rotation":{"angle":22.5,"axis":"x","origin":[12.668888,-1.6571426,4.935714]},"faces":{"east":{"uv":[8.0625,7.4375,8.4375,7.875],"rotation":0,"texture":"#0","tintindex":0},"south":{"uv":[7.25,4.9375,7.875,5.375],"rotation":0,"texture":"#0","tintindex":0},"north":{"uv":[3.9375,2.0,4.5625,2.4375],"rotation":0,"texture":"#0","tintindex":0},"west":{"uv":[8.125,0.3125,8.5,0.75],"rotation":0,"texture":"#0","tintindex":0},"up":{"uv":[8.25,4.625,7.625,4.25],"rotation":0,"texture":"#0","tintindex":0},"down":{"uv":[6.9375,7.625,6.3125,8.0],"rotation":0,"texture":"#0","tintindex":0}}}],"textures":{"0":"modelengine:entity/darkprincess_gama05_condrag"},"display":{"head":{"translation":[0.0,-6.4,0.0],"scale":[4.0,4.0,4.0]}}}