{"elements":[{"from":[7.7231426,5.0470285,7.0624914],"to":[8.87,7.8338857,8.505348],"rotation":{"angle":0.0,"axis":"y","origin":[5.5082855,-5.4552574,7.1362057]},"faces":{"east":{"uv":[2.75,0.25,3.0,0.75],"rotation":0,"texture":"#1","tintindex":0},"south":{"uv":[3.5,0.25,3.75,0.75],"rotation":0,"texture":"#1","tintindex":0},"north":{"uv":[3.0,0.25,3.25,0.75],"rotation":0,"texture":"#1","tintindex":0},"west":{"uv":[3.25,0.25,3.5,0.75],"rotation":0,"texture":"#1","tintindex":0},"up":{"uv":[3.25,0.25,3.0,0.0],"rotation":0,"texture":"#1","tintindex":0},"down":{"uv":[3.5,0.0,3.25,0.25],"rotation":0,"texture":"#1","tintindex":0}}},{"from":[7.167714,4.998457,6.502206],"to":[9.711715,5.796743,9.160492],"rotation":{"angle":0.0,"axis":"y","origin":[8.696857,-6.7712574,8.519063]},"faces":{"east":{"uv":[9.875,3.25,10.375,3.375],"rotation":0,"texture":"#1","tintindex":0},"south":{"uv":[11.375,3.25,11.875,3.375],"rotation":0,"texture":"#1","tintindex":0},"north":{"uv":[10.375,3.25,10.875,3.375],"rotation":0,"texture":"#1","tintindex":0},"west":{"uv":[10.875,3.25,11.375,3.375],"rotation":0,"texture":"#1","tintindex":0},"up":{"uv":[10.875,3.25,10.375,2.75],"rotation":0,"texture":"#1","tintindex":0},"down":{"uv":[11.375,2.75,10.875,3.25],"rotation":0,"texture":"#1","tintindex":0}}},{"from":[7.339143,5.7967424,6.730777],"to":[9.483143,6.5950284,8.874777],"rotation":{"angle":0.0,"axis":"y","origin":[8.696857,-5.972972,8.519063]},"faces":{"east":{"uv":[10.25,9.75,10.625,9.875],"rotation":0,"texture":"#1","tintindex":0},"south":{"uv":[11.375,9.75,11.75,9.875],"rotation":0,"texture":"#1","tintindex":0},"north":{"uv":[10.625,9.75,11.0,9.875],"rotation":0,"texture":"#1","tintindex":0},"west":{"uv":[11.0,9.75,11.375,9.875],"rotation":0,"texture":"#1","tintindex":0},"up":{"uv":[11.0,9.75,10.625,9.375],"rotation":0,"texture":"#1","tintindex":0},"down":{"uv":[11.375,9.375,11.0,9.75],"rotation":0,"texture":"#1","tintindex":0}}}],"textures":{"1":"modelengine:entity/dark_princess"},"display":{"head":{"translation":[0.0,-6.4,0.0],"scale":[4.0,4.0,4.0]}}}