{"elements":[{"from":[11.342857,0.5714283,6.5142856],"to":[13.942858,8.742857,10.6],"rotation":{"angle":22.5,"axis":"x","origin":[12.642858,5.5857143,8.557143]},"faces":{"east":{"uv":[6.25,4.0625,6.6875,4.9375],"rotation":0,"texture":"#0","tintindex":0},"south":{"uv":[0.3125,7.5,0.625,8.375],"rotation":0,"texture":"#0","tintindex":0},"north":{"uv":[0.0,7.5,0.3125,8.375],"rotation":0,"texture":"#0","tintindex":0},"west":{"uv":[4.875,6.25,5.3125,7.125],"rotation":0,"texture":"#0","tintindex":0},"up":{"uv":[8.4375,3.125,8.125,2.6875],"rotation":0,"texture":"#0","tintindex":0},"down":{"uv":[8.4375,3.125,8.125,3.5625],"rotation":0,"texture":"#0","tintindex":0}}},{"from":[10.578584,-7.126996,2.0571427],"to":[10.578584,-1.1841393,7.257143],"rotation":{"angle":45.0,"axis":"x","origin":[12.668888,-2.0285711,4.935714]},"faces":{"east":{"uv":[3.5625,6.4375,4.125,7.0625],"rotation":0,"texture":"#0","tintindex":0},"south":{"uv":[0.0,0.0,0.0,0.625],"rotation":0,"texture":"#0","tintindex":0},"north":{"uv":[0.0,0.0,0.0,0.625],"rotation":0,"texture":"#0","tintindex":0},"west":{"uv":[6.4375,5.75,7.0,6.375],"rotation":0,"texture":"#0","tintindex":0},"up":{"uv":[0.0,0.5625,0.0,0.0],"rotation":0,"texture":"#0","tintindex":0},"down":{"uv":[0.0,0.0,0.0,0.5625],"rotation":0,"texture":"#0","tintindex":0}}},{"from":[14.87574,-6.845625,2.0571427],"to":[14.87574,-0.90276814,7.257143],"rotation":{"angle":0.0,"axis":"z","origin":[12.668888,-2.0285711,4.935714]},"faces":{"east":{"uv":[6.4375,6.375,7.0,7.0],"rotation":0,"texture":"#0","tintindex":0},"south":{"uv":[0.0,0.0,0.0,0.625],"rotation":0,"texture":"#0","tintindex":0},"north":{"uv":[0.0,0.0,0.0,0.625],"rotation":0,"texture":"#0","tintindex":0},"west":{"uv":[4.125,6.625,4.6875,7.25],"rotation":0,"texture":"#0","tintindex":0},"up":{"uv":[0.0,0.5625,0.0,0.0],"rotation":0,"texture":"#0","tintindex":0},"down":{"uv":[0.0,0.0,0.0,0.5625],"rotation":0,"texture":"#0","tintindex":0}}},{"from":[12.642858,-6.485715,2.0571427],"to":[12.642858,-0.54285717,7.257143],"rotation":{"angle":45.0,"axis":"x","origin":[12.668888,-2.0285711,4.935714]},"faces":{"east":{"uv":[0.625,6.6875,1.1875,7.3125],"rotation":0,"texture":"#0","tintindex":0},"south":{"uv":[0.0,0.0,0.0,0.625],"rotation":0,"texture":"#0","tintindex":0},"north":{"uv":[0.0,0.0,0.0,0.625],"rotation":0,"texture":"#0","tintindex":0},"west":{"uv":[6.6875,4.0625,7.25,4.6875],"rotation":0,"texture":"#0","tintindex":0},"up":{"uv":[0.0,0.5625,0.0,0.0],"rotation":0,"texture":"#0","tintindex":0},"down":{"uv":[0.0,0.0,0.0,0.5625],"rotation":0,"texture":"#0","tintindex":0}}},{"from":[9.857143,-2.0285711,3.5428567],"to":[15.428572,1.6857138,6.885714],"rotation":{"angle":22.5,"axis":"x","origin":[12.668888,-1.6571426,4.935714]},"faces":{"east":{"uv":[8.125,0.75,8.5,1.1875],"rotation":0,"texture":"#0","tintindex":0},"south":{"uv":[7.5,1.8125,8.125,2.25],"rotation":0,"texture":"#0","tintindex":0},"north":{"uv":[7.5,0.3125,8.125,0.75],"rotation":0,"texture":"#0","tintindex":0},"west":{"uv":[8.125,1.1875,8.5,1.625],"rotation":0,"texture":"#0","tintindex":0},"up":{"uv":[7.5625,8.0,6.9375,7.625],"rotation":0,"texture":"#0","tintindex":0},"down":{"uv":[1.75,7.6875,1.125,8.0625],"rotation":0,"texture":"#0","tintindex":0}}}],"textures":{"0":"modelengine:entity/darkprincess_gama05_condrag"},"display":{"head":{"translation":[0.0,-6.4,0.0],"scale":[4.0,4.0,4.0]}}}