{"elements":[{"from":[6.710857,9.233429,6.8022857],"to":[9.769143,12.146,9.003428],"rotation":{"angle":0.0,"axis":"y","origin":[8.068571,-1.1077147,7.2151427]},"faces":{"east":{"uv":[4.125,9.375,4.5,10.0],"rotation":0,"texture":"#1","tintindex":0},"south":{"uv":[5.5,9.375,6.125,10.0],"rotation":0,"texture":"#1","tintindex":0},"north":{"uv":[4.5,9.375,5.125,10.0],"rotation":0,"texture":"#1","tintindex":0},"west":{"uv":[5.125,9.375,5.5,10.0],"rotation":0,"texture":"#1","tintindex":0},"up":{"uv":[5.125,9.375,4.5,9.0],"rotation":0,"texture":"#1","tintindex":0},"down":{"uv":[5.75,9.0,5.125,9.375],"rotation":0,"texture":"#1","tintindex":0}}},{"from":[6.710857,10.090571,6.4022856],"to":[9.769143,11.288857,8.032],"rotation":{"angle":22.5,"axis":"x","origin":[9.954286,10.404,7.217143]},"faces":{"east":{"uv":[9.875,3.75,10.125,4.0],"rotation":0,"texture":"#1","tintindex":0},"south":{"uv":[11.0,3.75,11.625,4.0],"rotation":0,"texture":"#1","tintindex":0},"north":{"uv":[10.125,3.75,10.75,4.0],"rotation":0,"texture":"#1","tintindex":0},"west":{"uv":[10.75,3.75,11.0,4.0],"rotation":0,"texture":"#1","tintindex":0},"up":{"uv":[10.75,3.75,10.125,3.5],"rotation":0,"texture":"#1","tintindex":0},"down":{"uv":[11.375,3.5,10.75,3.75],"rotation":0,"texture":"#1","tintindex":0}}},{"from":[7.2251425,12.090572,6.8022857],"to":[9.140572,12.717428,9.003428],"rotation":{"angle":0.0,"axis":"y","origin":[8.582857,-0.5362854,7.2151427]},"faces":{"east":{"uv":[8.75,11.0,9.125,11.125],"rotation":0,"texture":"#1","tintindex":0},"south":{"uv":[9.875,11.0,10.25,11.125],"rotation":0,"texture":"#1","tintindex":0},"north":{"uv":[9.125,11.0,9.5,11.125],"rotation":0,"texture":"#1","tintindex":0},"west":{"uv":[9.5,11.0,9.875,11.125],"rotation":0,"texture":"#1","tintindex":0},"up":{"uv":[9.5,11.0,9.125,10.625],"rotation":0,"texture":"#1","tintindex":0},"down":{"uv":[9.875,10.625,9.5,11.0],"rotation":0,"texture":"#1","tintindex":0}}}],"textures":{"1":"modelengine:entity/dark_princess"},"display":{"head":{"translation":[0.0,-6.4,0.0],"scale":[4.0,4.0,4.0]}}}