{"elements":[{"from":[8.0,8.928572,8.3714285],"to":[8.0,13.757143,18.77143],"rotation":{"angle":0.0,"axis":"y","origin":[8.0,11.157143,12.085714]},"faces":{"east":{"uv":[1.3125,5.4375,2.4375,5.9375],"rotation":0,"texture":"#0","tintindex":0},"south":{"uv":[0.0,0.0,0.0,0.5],"rotation":0,"texture":"#0","tintindex":0},"north":{"uv":[0.0,0.0,0.0,0.5],"rotation":0,"texture":"#0","tintindex":0},"west":{"uv":[4.875,5.4375,6.0,5.9375],"rotation":0,"texture":"#0","tintindex":0},"up":{"uv":[0.0,1.125,0.0,0.0],"rotation":0,"texture":"#0","tintindex":0},"down":{"uv":[0.0,0.0,0.0,1.125],"rotation":0,"texture":"#0","tintindex":0}}},{"from":[8.0,4.1,19.885715],"to":[8.0,11.528572,27.314285],"rotation":{"angle":0.0,"axis":"y","origin":[8.0,11.157143,12.085714]},"faces":{"east":{"uv":[2.875,4.9375,3.6875,5.75],"rotation":0,"texture":"#0","tintindex":0},"south":{"uv":[0.0,0.0,0.0,0.8125],"rotation":0,"texture":"#0","tintindex":0},"north":{"uv":[0.0,0.0,0.0,0.8125],"rotation":0,"texture":"#0","tintindex":0},"west":{"uv":[0.0,5.4375,0.8125,6.25],"rotation":0,"texture":"#0","tintindex":0},"up":{"uv":[0.0,0.8125,0.0,0.0],"rotation":0,"texture":"#0","tintindex":0},"down":{"uv":[0.0,0.0,0.0,0.8125],"rotation":0,"texture":"#0","tintindex":0}}},{"from":[6.5142856,6.7,8.0],"to":[9.485714,9.671429,19.142857],"rotation":{"angle":45.0,"axis":"z","origin":[8.0,8.185715,12.085714]},"faces":{"east":{"uv":[6.25,0.3125,7.5,0.625],"rotation":0,"texture":"#0","tintindex":0},"south":{"uv":[8.125,3.9375,8.4375,4.25],"rotation":0,"texture":"#0","tintindex":0},"north":{"uv":[3.9375,5.8125,4.25,6.125],"rotation":0,"texture":"#0","tintindex":0},"west":{"uv":[6.25,0.625,7.5,0.9375],"rotation":0,"texture":"#0","tintindex":0},"up":{"uv":[0.3125,7.5,0.0,6.25],"rotation":0,"texture":"#0","tintindex":0},"down":{"uv":[0.625,6.25,0.3125,7.5],"rotation":0,"texture":"#0","tintindex":0}}},{"from":[5.580247,8.185715,7.8885713],"to":[10.408819,11.157143,19.217144],"rotation":{"angle":0.0,"axis":"y","origin":[7.808819,8.557143,12.085714]},"faces":{"east":{"uv":[6.25,2.0,7.5,2.3125],"rotation":0,"texture":"#0","tintindex":0},"south":{"uv":[8.125,1.9375,8.625,2.25],"rotation":0,"texture":"#0","tintindex":0},"north":{"uv":[8.125,1.625,8.625,1.9375],"rotation":0,"texture":"#0","tintindex":0},"west":{"uv":[6.25,3.75,7.5,4.0625],"rotation":0,"texture":"#0","tintindex":0},"up":{"uv":[4.875,6.625,4.375,5.375],"rotation":0,"texture":"#0","tintindex":0},"down":{"uv":[1.3125,5.4375,0.8125,6.6875],"rotation":0,"texture":"#0","tintindex":0}}},{"from":[6.3231044,6.3285713,18.474285],"to":[9.665962,10.042857,22.745716],"rotation":{"angle":22.5,"axis":"x","origin":[7.994533,9.3,21.167143]},"faces":{"east":{"uv":[1.3125,8.0625,1.75,8.5],"rotation":0,"texture":"#0","tintindex":0},"south":{"uv":[8.0625,6.125,8.4375,6.5625],"rotation":0,"texture":"#0","tintindex":0},"north":{"uv":[8.0625,5.6875,8.4375,6.125],"rotation":0,"texture":"#0","tintindex":0},"west":{"uv":[8.0625,5.25,8.5,5.6875],"rotation":0,"texture":"#0","tintindex":0},"up":{"uv":[8.4375,7.0,8.0625,6.5625],"rotation":0,"texture":"#0","tintindex":0},"down":{"uv":[8.4375,7.0,8.0625,7.4375],"rotation":0,"texture":"#0","tintindex":0}}}],"textures":{"0":"modelengine:entity/darkprincess_gama05_condrag"},"display":{"head":{"translation":[0.0,-6.4,0.0],"scale":[4.0,4.0,4.0]}}}