{"elements":[{"from":[8.0,8.928572,8.3714285],"to":[8.0,13.757143,21.0],"rotation":{"angle":0.0,"axis":"y","origin":[8.0,11.157143,12.085714]},"faces":{"east":{"uv":[4.875,0.5,6.25,1.0],"rotation":0,"texture":"#0","tintindex":0},"south":{"uv":[0.0,0.0,0.0,0.5],"rotation":0,"texture":"#0","tintindex":0},"north":{"uv":[0.0,0.0,0.0,0.5],"rotation":0,"texture":"#0","tintindex":0},"west":{"uv":[4.875,2.0,6.25,2.5],"rotation":0,"texture":"#0","tintindex":0},"up":{"uv":[0.0,1.375,0.0,0.0],"rotation":0,"texture":"#0","tintindex":0},"down":{"uv":[0.0,0.0,0.0,1.375],"rotation":0,"texture":"#0","tintindex":0}}},{"from":[5.771428,5.957143,8.0],"to":[10.228572,10.414286,21.37143],"rotation":{"angle":45.0,"axis":"z","origin":[8.0,8.185715,12.085714]},"faces":{"east":{"uv":[3.4375,0.0,4.875,0.5],"rotation":0,"texture":"#0","tintindex":0},"south":{"uv":[7.5625,7.375,8.0625,7.875],"rotation":0,"texture":"#0","tintindex":0},"north":{"uv":[7.5625,6.875,8.0625,7.375],"rotation":0,"texture":"#0","tintindex":0},"west":{"uv":[3.4375,0.5,4.875,1.0],"rotation":0,"texture":"#0","tintindex":0},"up":{"uv":[3.9375,2.4375,3.4375,1.0],"rotation":0,"texture":"#0","tintindex":0},"down":{"uv":[0.5,3.5,0.0,4.9375],"rotation":0,"texture":"#0","tintindex":0}}},{"from":[4.83739,8.185715,7.8885713],"to":[11.151676,11.157143,21.445715],"rotation":{"angle":0.0,"axis":"y","origin":[7.808819,8.557143,12.085714]},"faces":{"east":{"uv":[5.8125,2.8125,7.3125,3.125],"rotation":0,"texture":"#0","tintindex":0},"south":{"uv":[7.875,4.9375,8.5625,5.25],"rotation":0,"texture":"#0","tintindex":0},"north":{"uv":[7.75,0.0,8.4375,0.3125],"rotation":0,"texture":"#0","tintindex":0},"west":{"uv":[5.8125,3.125,7.3125,3.4375],"rotation":0,"texture":"#0","tintindex":0},"up":{"uv":[2.0625,1.5,1.375,0.0],"rotation":0,"texture":"#0","tintindex":0},"down":{"uv":[0.6875,1.5,0.0,3.0],"rotation":0,"texture":"#0","tintindex":0}}},{"from":[2.2057137,-3.6857157,6.142857],"to":[2.2057137,2.2571425,11.342857],"rotation":{"angle":-22.5,"axis":"z","origin":[4.842857,1.1428566,7.8142858]},"faces":{"east":{"uv":[6.4375,7.0,7.0,7.625],"rotation":0,"texture":"#0","tintindex":0},"south":{"uv":[0.0,0.0,0.0,0.625],"rotation":0,"texture":"#0","tintindex":0},"north":{"uv":[0.0,0.0,0.0,0.625],"rotation":0,"texture":"#0","tintindex":0},"west":{"uv":[7.0,7.0,7.5625,7.625],"rotation":0,"texture":"#0","tintindex":0},"up":{"uv":[0.0,0.5625,0.0,0.0],"rotation":0,"texture":"#0","tintindex":0},"down":{"uv":[0.0,0.0,0.0,0.5625],"rotation":0,"texture":"#0","tintindex":0}}},{"from":[5.5857143,-2.5714293,6.142857],"to":[5.5857143,3.371428,11.342857],"rotation":{"angle":22.5,"axis":"z","origin":[4.842857,1.1428566,7.8142858]},"faces":{"east":{"uv":[1.1875,7.0625,1.75,7.6875],"rotation":0,"texture":"#0","tintindex":0},"south":{"uv":[0.0,0.0,0.0,0.625],"rotation":0,"texture":"#0","tintindex":0},"north":{"uv":[0.0,0.0,0.0,0.625],"rotation":0,"texture":"#0","tintindex":0},"west":{"uv":[1.75,7.0625,2.3125,7.6875],"rotation":0,"texture":"#0","tintindex":0},"up":{"uv":[0.0,0.5625,0.0,0.0],"rotation":0,"texture":"#0","tintindex":0},"down":{"uv":[0.0,0.0,0.0,0.5625],"rotation":0,"texture":"#0","tintindex":0}}},{"from":[3.7285714,-2.5714293,6.142857],"to":[3.7285714,3.371428,11.342857],"rotation":{"angle":0.0,"axis":"y","origin":[-0.54285717,8.571428,8.3714285]},"faces":{"east":{"uv":[2.3125,7.0625,2.875,7.6875],"rotation":0,"texture":"#0","tintindex":0},"south":{"uv":[0.0,0.0,0.0,0.625],"rotation":0,"texture":"#0","tintindex":0},"north":{"uv":[0.0,0.0,0.0,0.625],"rotation":0,"texture":"#0","tintindex":0},"west":{"uv":[2.875,7.0625,3.4375,7.6875],"rotation":0,"texture":"#0","tintindex":0},"up":{"uv":[0.0,0.5625,0.0,0.0],"rotation":0,"texture":"#0","tintindex":0},"down":{"uv":[0.0,0.0,0.0,0.5625],"rotation":0,"texture":"#0","tintindex":0}}},{"from":[2.4285712,1.5142851,7.6285715],"to":[5.028571,9.314285,10.971429],"rotation":{"angle":0.0,"axis":"y","origin":[-0.54285717,8.571428,8.0]},"faces":{"east":{"uv":[3.8125,7.25,4.1875,8.125],"rotation":0,"texture":"#0","tintindex":0},"south":{"uv":[6.0,7.5,6.3125,8.375],"rotation":0,"texture":"#0","tintindex":0},"north":{"uv":[5.6875,7.5,6.0,8.375],"rotation":0,"texture":"#0","tintindex":0},"west":{"uv":[7.25,4.0625,7.625,4.9375],"rotation":0,"texture":"#0","tintindex":0},"up":{"uv":[8.4375,3.9375,8.125,3.5625],"rotation":0,"texture":"#0","tintindex":0},"down":{"uv":[4.1875,8.125,3.875,8.5],"rotation":0,"texture":"#0","tintindex":0}}}],"textures":{"0":"modelengine:entity/darkprincess_gama05_condrag"},"display":{"head":{"translation":[0.0,-6.4,0.0],"scale":[4.0,4.0,4.0]}}}