{"elements":[{"from":[5.771428,5.5857143,2.6142855],"to":[10.228572,10.414286,8.185715],"rotation":{"angle":0.0,"axis":"y","origin":[8.0,8.0,5.3999996]},"faces":{"east":{"uv":[6.375,2.3125,7.0,2.8125],"rotation":0,"texture":"#0","tintindex":0},"south":{"uv":[7.5625,6.375,8.0625,6.875],"rotation":0,"texture":"#0","tintindex":0},"north":{"uv":[7.5625,5.875,8.0625,6.375],"rotation":0,"texture":"#0","tintindex":0},"west":{"uv":[7.0,2.3125,7.625,2.8125],"rotation":0,"texture":"#0","tintindex":0},"up":{"uv":[4.6875,7.875,4.1875,7.25],"rotation":0,"texture":"#0","tintindex":0},"down":{"uv":[1.125,7.3125,0.625,7.9375],"rotation":0,"texture":"#0","tintindex":0}}},{"from":[6.142857,5.671421,-0.62447166],"to":[9.857143,6.7857065,4.2041],"rotation":{"angle":0.0,"axis":"y","origin":[8.0,6.876631,1.5112429]},"faces":{"east":{"uv":[4.875,2.8125,5.375,2.9375],"rotation":0,"texture":"#0","tintindex":0},"south":{"uv":[2.875,7.6875,3.3125,7.8125],"rotation":0,"texture":"#0","tintindex":0},"north":{"uv":[5.375,2.8125,5.8125,2.9375],"rotation":0,"texture":"#0","tintindex":0},"west":{"uv":[6.6875,5.3125,7.1875,5.4375],"rotation":0,"texture":"#0","tintindex":0},"up":{"uv":[6.6875,5.4375,6.25,4.9375],"rotation":0,"texture":"#0","tintindex":0},"down":{"uv":[2.1875,7.6875,1.75,8.1875],"rotation":0,"texture":"#0","tintindex":0}}},{"from":[6.142857,6.7818413,-0.62447166],"to":[9.857143,8.267555,3.0898142],"rotation":{"angle":0.0,"axis":"y","origin":[8.0,6.876631,1.5112429]},"faces":{"east":{"uv":[1.3125,5.9375,1.75,6.125],"rotation":0,"texture":"#0","tintindex":0},"south":{"uv":[1.75,5.9375,2.1875,6.125],"rotation":0,"texture":"#0","tintindex":0},"north":{"uv":[5.8125,3.75,6.25,3.9375],"rotation":0,"texture":"#0","tintindex":0},"west":{"uv":[6.0,5.75,6.4375,5.9375],"rotation":0,"texture":"#0","tintindex":0},"up":{"uv":[7.1875,2.0,6.75,1.5625],"rotation":0,"texture":"#0","tintindex":0},"down":{"uv":[7.4375,8.0,7.0,8.4375],"rotation":0,"texture":"#0","tintindex":0}}},{"from":[5.028571,8.814285,5.0714283],"to":[6.342857,11.357143,6.957143],"rotation":{"angle":22.5,"axis":"x","origin":[8.0,11.899074,5.3586197]},"faces":{"east":{"uv":[3.6875,4.9375,3.875,5.1875],"rotation":0,"texture":"#0","tintindex":0},"south":{"uv":[7.9375,8.1875,8.0625,8.4375],"rotation":0,"texture":"#0","tintindex":0},"north":{"uv":[3.3125,7.6875,3.4375,7.9375],"rotation":0,"texture":"#0","tintindex":0},"west":{"uv":[3.6875,5.1875,3.875,5.4375],"rotation":0,"texture":"#0","tintindex":0},"up":{"uv":[2.3125,6.125,2.1875,5.9375],"rotation":0,"texture":"#0","tintindex":0},"down":{"uv":[2.4375,5.9375,2.3125,6.125],"rotation":0,"texture":"#0","tintindex":0}}},{"from":[4.285714,10.50211,4.9017205],"to":[5.5999994,13.10211,6.2160063],"rotation":{"angle":0.0,"axis":"x","origin":[8.0,11.899074,5.3586197]},"faces":{"east":{"uv":[4.25,5.8125,4.375,6.125],"rotation":0,"texture":"#0","tintindex":0},"south":{"uv":[4.6875,6.625,4.8125,6.9375],"rotation":0,"texture":"#0","tintindex":0},"north":{"uv":[2.75,5.4375,2.875,5.75],"rotation":0,"texture":"#0","tintindex":0},"west":{"uv":[1.1875,6.6875,1.3125,7.0],"rotation":0,"texture":"#0","tintindex":0},"up":{"uv":[3.8125,5.8125,3.6875,5.6875],"rotation":0,"texture":"#0","tintindex":0},"down":{"uv":[4.375,6.4375,4.25,6.5625],"rotation":0,"texture":"#0","tintindex":0}}},{"from":[10.400001,10.427848,5.499322],"to":[11.714286,13.027848,6.8136077],"rotation":{"angle":22.5,"axis":"x","origin":[8.0,11.899074,5.3586197]},"faces":{"east":{"uv":[5.1875,7.125,5.3125,7.4375],"rotation":0,"texture":"#0","tintindex":0},"south":{"uv":[7.1875,1.5625,7.3125,1.875],"rotation":0,"texture":"#0","tintindex":0},"north":{"uv":[5.0625,7.125,5.1875,7.4375],"rotation":0,"texture":"#0","tintindex":0},"west":{"uv":[7.5,3.6875,7.625,4.0],"rotation":0,"texture":"#0","tintindex":0},"up":{"uv":[0.75,6.625,0.625,6.5],"rotation":0,"texture":"#0","tintindex":0},"down":{"uv":[4.8125,6.9375,4.6875,7.0625],"rotation":0,"texture":"#0","tintindex":0}}},{"from":[10.8,11.879788,5.985239],"to":[12.114286,14.479788,7.299525],"rotation":{"angle":-22.5,"axis":"x","origin":[8.0,11.899074,5.3586197]},"faces":{"east":{"uv":[7.4375,8.0,7.5625,8.3125],"rotation":0,"texture":"#0","tintindex":0},"south":{"uv":[1.75,8.1875,1.875,8.5],"rotation":0,"texture":"#0","tintindex":0},"north":{"uv":[4.875,8.0,5.0,8.3125],"rotation":0,"texture":"#0","tintindex":0},"west":{"uv":[1.875,8.1875,2.0,8.5],"rotation":0,"texture":"#0","tintindex":0},"up":{"uv":[3.9375,7.1875,3.8125,7.0625],"rotation":0,"texture":"#0","tintindex":0},"down":{"uv":[4.0625,7.0625,3.9375,7.1875],"rotation":0,"texture":"#0","tintindex":0}}},{"from":[3.885714,12.445474,5.4195533],"to":[5.2,15.045473,6.733839],"rotation":{"angle":-22.5,"axis":"x","origin":[8.0,11.899074,5.3586197]},"faces":{"east":{"uv":[7.5625,8.1875,7.6875,8.5],"rotation":0,"texture":"#0","tintindex":0},"south":{"uv":[7.6875,8.1875,7.8125,8.5],"rotation":0,"texture":"#0","tintindex":0},"north":{"uv":[2.0,8.1875,2.125,8.5],"rotation":0,"texture":"#0","tintindex":0},"west":{"uv":[7.8125,8.1875,7.9375,8.5],"rotation":0,"texture":"#0","tintindex":0},"up":{"uv":[7.3125,2.0,7.1875,1.875],"rotation":0,"texture":"#0","tintindex":0},"down":{"uv":[7.4375,1.8125,7.3125,1.9375],"rotation":0,"texture":"#0","tintindex":0}}},{"from":[9.657143,8.814286,5.0714283],"to":[10.971429,11.357143,6.957143],"rotation":{"angle":22.5,"axis":"x","origin":[8.0,11.899074,5.3586197]},"faces":{"east":{"uv":[3.6875,5.4375,3.875,5.6875],"rotation":0,"texture":"#0","tintindex":0},"south":{"uv":[8.1875,8.1875,8.3125,8.4375],"rotation":0,"texture":"#0","tintindex":0},"north":{"uv":[8.0625,8.1875,8.1875,8.4375],"rotation":0,"texture":"#0","tintindex":0},"west":{"uv":[0.625,6.25,0.8125,6.5],"rotation":0,"texture":"#0","tintindex":0},"up":{"uv":[6.375,2.5,6.25,2.3125],"rotation":0,"texture":"#0","tintindex":0},"down":{"uv":[4.25,6.4375,4.125,6.625],"rotation":0,"texture":"#0","tintindex":0}}}],"textures":{"0":"modelengine:entity/darkprincess_gama05_condrag"},"display":{"head":{"translation":[0.0,-6.4,0.0],"scale":[4.0,4.0,4.0]}}}