{"elements":[{"from":[7.6437144,8.4256735,5.7617493],"to":[8.390572,9.008416,6.288892],"rotation":{"angle":0.0,"axis":"y","origin":[8.0,-6.4209557,7.3303204]},"faces":{"east":{"uv":[2.0,0.125,2.0,0.25],"rotation":0,"texture":"#1","tintindex":0},"south":{"uv":[2.125,0.125,2.25,0.25],"rotation":0,"texture":"#1","tintindex":0},"north":{"uv":[2.0,0.125,2.125,0.25],"rotation":0,"texture":"#1","tintindex":0},"west":{"uv":[2.125,0.125,2.125,0.25],"rotation":0,"texture":"#1","tintindex":0},"up":{"uv":[2.125,0.125,2.0,0.125],"rotation":0,"texture":"#1","tintindex":0},"down":{"uv":[2.25,0.125,2.125,0.125],"rotation":0,"texture":"#1","tintindex":0}}},{"from":[6.070857,7.9756165,6.151749],"to":[9.929143,10.84876,9.80432],"rotation":{"angle":0.0,"axis":"y","origin":[7.714286,-6.4209557,7.3303204]},"faces":{"east":{"uv":[8.0,7.25,8.75,7.875],"rotation":0,"texture":"#1","tintindex":0},"south":{"uv":[10.25,7.25,11.0,7.875],"rotation":0,"texture":"#1","tintindex":0},"north":{"uv":[8.75,7.25,9.5,7.875],"rotation":0,"texture":"#1","tintindex":0},"west":{"uv":[9.5,7.25,10.25,7.875],"rotation":0,"texture":"#1","tintindex":0},"up":{"uv":[9.5,7.25,8.75,6.5],"rotation":0,"texture":"#1","tintindex":0},"down":{"uv":[10.25,6.5,9.5,7.25],"rotation":0,"texture":"#1","tintindex":0}}},{"from":[9.725079,8.041824,6.048012],"to":[10.367935,9.270395,6.6908693],"rotation":{"angle":-22.5,"axis":"z","origin":[9.69289,9.054389,6.3694406]},"faces":{"east":{"uv":[11.125,7.625,11.25,7.875],"rotation":0,"texture":"#1","tintindex":0},"south":{"uv":[11.5,7.625,11.625,7.875],"rotation":0,"texture":"#1","tintindex":0},"north":{"uv":[11.25,7.625,11.375,7.875],"rotation":0,"texture":"#1","tintindex":0},"west":{"uv":[11.375,7.625,11.5,7.875],"rotation":0,"texture":"#1","tintindex":0},"up":{"uv":[11.375,7.625,11.25,7.5],"rotation":0,"texture":"#1","tintindex":0},"down":{"uv":[11.5,7.5,11.375,7.625],"rotation":0,"texture":"#1","tintindex":0}}},{"from":[8.320754,7.9418807,6.105155],"to":[9.53504,8.484737,6.748012],"rotation":{"angle":22.5,"axis":"z","origin":[9.69289,9.054389,6.4265833]},"faces":{"east":{"uv":[4.0,1.125,4.125,1.125],"rotation":0,"texture":"#1","tintindex":0},"south":{"uv":[4.5,1.125,4.75,1.125],"rotation":0,"texture":"#1","tintindex":0},"north":{"uv":[4.125,1.125,4.375,1.125],"rotation":0,"texture":"#1","tintindex":0},"west":{"uv":[4.375,1.125,4.5,1.125],"rotation":0,"texture":"#1","tintindex":0},"up":{"uv":[4.375,1.125,4.125,1.0],"rotation":0,"texture":"#1","tintindex":0},"down":{"uv":[4.625,1.0,4.375,1.125],"rotation":0,"texture":"#1","tintindex":0}}},{"from":[6.46496,7.9418807,5.855486],"to":[7.679246,8.484737,6.498343],"rotation":{"angle":-22.5,"axis":"z","origin":[6.30711,9.054389,6.1769147]},"faces":{"east":{"uv":[1.375,0.875,1.5,0.875],"rotation":0,"texture":"#1","tintindex":0},"south":{"uv":[1.875,0.875,2.125,0.875],"rotation":0,"texture":"#1","tintindex":0},"north":{"uv":[1.5,0.875,1.75,0.875],"rotation":0,"texture":"#1","tintindex":0},"west":{"uv":[1.75,0.875,1.875,0.875],"rotation":0,"texture":"#1","tintindex":0},"up":{"uv":[1.75,0.875,1.5,0.75],"rotation":0,"texture":"#1","tintindex":0},"down":{"uv":[2.0,0.75,1.75,0.875],"rotation":0,"texture":"#1","tintindex":0}}},{"from":[5.632065,8.098967,5.798343],"to":[6.274922,9.270395,6.4412003],"rotation":{"angle":22.5,"axis":"z","origin":[6.30711,9.054389,6.119772]},"faces":{"east":{"uv":[5.875,9.125,6.0,9.375],"rotation":0,"texture":"#1","tintindex":0},"south":{"uv":[6.25,9.125,6.375,9.375],"rotation":0,"texture":"#1","tintindex":0},"north":{"uv":[6.0,9.125,6.125,9.375],"rotation":0,"texture":"#1","tintindex":0},"west":{"uv":[6.125,9.125,6.25,9.375],"rotation":0,"texture":"#1","tintindex":0},"up":{"uv":[6.125,9.125,6.0,9.0],"rotation":0,"texture":"#1","tintindex":0},"down":{"uv":[6.25,9.0,6.125,9.125],"rotation":0,"texture":"#1","tintindex":0}}},{"from":[5.600787,8.995625,5.855486],"to":[6.2436447,10.681338,6.498343],"rotation":{"angle":0.0,"axis":"y","origin":[6.30711,8.482961,6.1769147]},"faces":{"east":{"uv":[11.125,7.125,11.25,7.375],"rotation":0,"texture":"#1","tintindex":0},"south":{"uv":[11.5,7.125,11.625,7.375],"rotation":0,"texture":"#1","tintindex":0},"north":{"uv":[11.25,7.125,11.375,7.375],"rotation":0,"texture":"#1","tintindex":0},"west":{"uv":[11.375,7.125,11.5,7.375],"rotation":0,"texture":"#1","tintindex":0},"up":{"uv":[11.375,7.125,11.25,7.0],"rotation":0,"texture":"#1","tintindex":0},"down":{"uv":[11.5,7.0,11.375,7.125],"rotation":0,"texture":"#1","tintindex":0}}},{"from":[5.9634075,10.610008,6.1622977],"to":[7.634836,11.724295,10.119441],"rotation":{"angle":45.0,"axis":"z","origin":[7.0276933,10.881437,6.8265834]},"faces":{"east":{"uv":[6.5,0.75,7.25,0.875],"rotation":0,"texture":"#1","tintindex":0},"south":{"uv":[8.25,0.75,8.5,0.875],"rotation":0,"texture":"#1","tintindex":0},"north":{"uv":[7.25,0.75,7.5,0.875],"rotation":0,"texture":"#1","tintindex":0},"west":{"uv":[7.5,0.75,8.25,0.875],"rotation":0,"texture":"#1","tintindex":0},"up":{"uv":[7.5,0.75,7.25,0.0],"rotation":0,"texture":"#1","tintindex":0},"down":{"uv":[7.75,0.0,7.5,0.75],"rotation":0,"texture":"#1","tintindex":0}}},{"from":[8.799752,10.4830475,6.1622977],"to":[10.471182,11.597333,10.119441],"rotation":{"angle":-45.0,"axis":"z","origin":[9.349752,11.325904,8.2265835]},"faces":{"east":{"uv":[4.0,0.75,4.75,0.875],"rotation":0,"texture":"#1","tintindex":0},"south":{"uv":[5.75,0.75,6.0,0.875],"rotation":0,"texture":"#1","tintindex":0},"north":{"uv":[4.75,0.75,5.0,0.875],"rotation":0,"texture":"#1","tintindex":0},"west":{"uv":[5.0,0.75,5.75,0.875],"rotation":0,"texture":"#1","tintindex":0},"up":{"uv":[5.0,0.75,4.75,0.0],"rotation":0,"texture":"#1","tintindex":0},"down":{"uv":[5.25,0.0,5.0,0.75],"rotation":0,"texture":"#1","tintindex":0}}},{"from":[6.2615495,8.735963,9.912988],"to":[7.5085497,10.895678,10.690845],"rotation":{"angle":-22.5,"axis":"x","origin":[6.9707637,8.610325,10.416105]},"faces":{"east":{"uv":[3.75,10.5,3.875,10.875],"rotation":0,"texture":"#1","tintindex":0},"south":{"uv":[4.25,10.5,4.5,10.875],"rotation":0,"texture":"#1","tintindex":0},"north":{"uv":[3.875,10.5,4.125,10.875],"rotation":0,"texture":"#1","tintindex":0},"west":{"uv":[4.125,10.5,4.25,10.875],"rotation":0,"texture":"#1","tintindex":0},"up":{"uv":[4.125,10.5,3.875,10.375],"rotation":0,"texture":"#1","tintindex":0},"down":{"uv":[4.375,10.375,4.125,10.5],"rotation":0,"texture":"#1","tintindex":0}}},{"from":[6.2615495,7.570648,9.562013],"to":[7.5085497,8.918934,10.3398695],"rotation":{"angle":-45.0,"axis":"x","origin":[6.9707637,9.138256,10.197429]},"faces":{"east":{"uv":[0.875,11.125,1.0,11.375],"rotation":0,"texture":"#1","tintindex":0},"south":{"uv":[1.375,11.125,1.625,11.375],"rotation":0,"texture":"#1","tintindex":0},"north":{"uv":[1.0,11.125,1.25,11.375],"rotation":0,"texture":"#1","tintindex":0},"west":{"uv":[1.25,11.125,1.375,11.375],"rotation":0,"texture":"#1","tintindex":0},"up":{"uv":[1.25,11.125,1.0,11.0],"rotation":0,"texture":"#1","tintindex":0},"down":{"uv":[1.5,11.0,1.25,11.125],"rotation":0,"texture":"#1","tintindex":0}}},{"from":[7.4615498,7.4998603,9.437832],"to":[8.7085495,8.8481455,10.215689],"rotation":{"angle":-22.5,"axis":"x","origin":[8.08505,9.067468,10.073248]},"faces":{"east":{"uv":[0.0,11.125,0.125,11.375],"rotation":0,"texture":"#1","tintindex":0},"south":{"uv":[0.5,11.125,0.75,11.375],"rotation":0,"texture":"#1","tintindex":0},"north":{"uv":[0.125,11.125,0.375,11.375],"rotation":0,"texture":"#1","tintindex":0},"west":{"uv":[0.375,11.125,0.5,11.375],"rotation":0,"texture":"#1","tintindex":0},"up":{"uv":[0.375,11.125,0.125,11.0],"rotation":0,"texture":"#1","tintindex":0},"down":{"uv":[0.625,11.0,0.375,11.125],"rotation":0,"texture":"#1","tintindex":0}}},{"from":[7.4615498,8.621677,9.57013],"to":[8.7085495,10.781392,10.347988],"rotation":{"angle":0.0,"axis":"y","origin":[8.08505,8.496039,10.073248]},"faces":{"east":{"uv":[2.625,9.625,2.75,10.0],"rotation":0,"texture":"#1","tintindex":0},"south":{"uv":[3.125,9.625,3.375,10.0],"rotation":0,