{"elements":[{"from":[7.631888,7.1165814,4.9145412],"to":[8.317602,8.602296,6.196684],"rotation":{"angle":0.0,"axis":"y","origin":[7.8604593,8.402296,9.841327]},"faces":{"east":{"uv":[9.625,9.125,9.875,9.375],"rotation":0,"texture":"#1","tintindex":0},"south":{"uv":[10.25,9.125,10.375,9.375],"rotation":0,"texture":"#1","tintindex":0},"north":{"uv":[9.875,9.125,10.0,9.375],"rotation":0,"texture":"#1","tintindex":0},"west":{"uv":[10.0,9.125,10.25,9.375],"rotation":0,"texture":"#1","tintindex":0},"up":{"uv":[10.0,9.125,9.875,8.875],"rotation":0,"texture":"#1","tintindex":0},"down":{"uv":[10.125,8.875,10.0,9.125],"rotation":0,"texture":"#1","tintindex":0}}},{"from":[7.974745,7.1165814,-2.5140305],"to":[7.974745,8.602296,5.6252556],"rotation":{"angle":0.0,"axis":"y","origin":[7.8604593,8.402296,9.841327]},"faces":{"east":{"uv":[8.125,11.5,9.875,11.75],"rotation":0,"texture":"#1","tintindex":0},"south":{"uv":[11.625,11.5,11.625,11.75],"rotation":0,"texture":"#1","tintindex":0},"north":{"uv":[9.875,11.5,9.875,11.75],"rotation":0,"texture":"#1","tintindex":0},"west":{"uv":[9.875,11.5,11.625,11.75],"rotation":0,"texture":"#1","tintindex":0},"up":{"uv":[9.875,11.5,9.875,9.75],"rotation":0,"texture":"#1","tintindex":0},"down":{"uv":[9.875,9.75,9.875,11.5],"rotation":0,"texture":"#1","tintindex":0}}},{"from":[7.7461734,6.8308673,5.257398],"to":[8.260459,8.830868,6.0823984],"rotation":{"angle":0.0,"axis":"y","origin":[7.8604593,8.402296,9.841327]},"faces":{"east":{"uv":[0.875,0.125,1.0,0.5],"rotation":0,"texture":"#1","tintindex":0},"south":{"uv":[1.125,0.125,1.125,0.5],"rotation":0,"texture":"#1","tintindex":0},"north":{"uv":[1.0,0.125,1.0,0.5],"rotation":0,"texture":"#1","tintindex":0},"west":{"uv":[1.0,0.125,1.125,0.5],"rotation":0,"texture":"#1","tintindex":0},"up":{"uv":[1.0,0.125,1.0,0.0],"rotation":0,"texture":"#1","tintindex":0},"down":{"uv":[1.0,0.0,1.0,0.125],"rotation":0,"texture":"#1","tintindex":0}}},{"from":[7.7461734,8.545153,4.0573983],"to":[8.260459,9.288011,5.5109696],"rotation":{"angle":0.0,"axis":"y","origin":[7.8604593,8.402296,9.269898]},"faces":{"east":{"uv":[2.625,11.0,2.875,11.125],"rotation":0,"texture":"#1","tintindex":0},"south":{"uv":[3.125,11.0,3.125,11.125],"rotation":0,"texture":"#1","tintindex":0},"north":{"uv":[2.875,11.0,2.875,11.125],"rotation":0,"texture":"#1","tintindex":0},"west":{"uv":[2.875,11.0,3.125,11.125],"rotation":0,"texture":"#1","tintindex":0},"up":{"uv":[2.875,11.0,2.875,10.75],"rotation":0,"texture":"#1","tintindex":0},"down":{"uv":[2.875,10.75,2.875,11.0],"rotation":0,"texture":"#1","tintindex":0}}},{"from":[7.7461734,6.3737245,4.0573983],"to":[8.260459,7.1165814,5.5109696],"rotation":{"angle":0.0,"axis":"y","origin":[7.8604593,6.2308674,9.269898]},"faces":{"east":{"uv":[2.625,11.0,2.875,11.125],"rotation":0,"texture":"#1","tintindex":0},"south":{"uv":[3.125,11.0,3.125,11.125],"rotation":0,"texture":"#1","tintindex":0},"north":{"uv":[2.875,11.0,2.875,11.125],"rotation":0,"texture":"#1","tintindex":0},"west":{"uv":[2.875,11.0,3.125,11.125],"rotation":0,"texture":"#1","tintindex":0},"up":{"uv":[2.875,11.0,2.875,10.75],"rotation":0,"texture":"#1","tintindex":0},"down":{"uv":[2.875,10.75,2.875,11.0],"rotation":0,"texture":"#1","tintindex":0}}},{"from":[7.6372447,7.4433675,5.9038267],"to":[8.330102,8.25051,10.964541],"rotation":{"angle":0.0,"axis":"y","origin":[4.192602,-6.472705,8.546684]},"faces":{"east":{"uv":[1.375,1.0,2.375,1.125],"rotation":0,"texture":"#1","tintindex":0},"south":{"uv":[3.5,1.0,3.625,1.125],"rotation":0,"texture":"#1","tintindex":0},"north":{"uv":[2.375,1.0,2.5,1.125],"rotation":0,"texture":"#1","tintindex":0},"west":{"uv":[2.5,1.0,3.5,1.125],"rotation":0,"texture":"#1","tintindex":0},"up":{"uv":[2.5,1.0,2.375,0.0],"rotation":0,"texture":"#1","tintindex":0},"down":{"uv":[2.625,0.0,2.5,1.0],"rotation":0,"texture":"#1","tintindex":0}}}],"textures":{"1":"modelengine:entity/dark_princess"},"display":{"head":{"translation":[0.0,-6.4,0.0],"scale":[4.0,4.0,4.0]}}}