{"elements":[{"from":[7.2925715,4.2865715,7.1414285],"to":[9.450286,8.056286,9.772858],"rotation":{"angle":0.0,"axis":"y","origin":[9.107429,4.2865715,7.729429]},"faces":{"east":{"uv":[9.875,0.5,10.375,1.25],"rotation":0,"texture":"#1","tintindex":0},"south":{"uv":[11.25,0.5,11.625,1.25],"rotation":0,"texture":"#1","tintindex":0},"north":{"uv":[10.375,0.5,10.75,1.25],"rotation":0,"texture":"#1","tintindex":0},"west":{"uv":[10.75,0.5,11.25,1.25],"rotation":0,"texture":"#1","tintindex":0},"up":{"uv":[10.75,0.5,10.375,0.0],"rotation":0,"texture":"#1","tintindex":0},"down":{"uv":[11.125,0.0,10.75,0.5],"rotation":0,"texture":"#1","tintindex":0}}},{"from":[7.5782857,4.2865715,6.2242856],"to":[9.164572,5.770571,7.1414285],"rotation":{"angle":0.0,"axis":"y","origin":[9.393143,4.2865715,7.383714]},"faces":{"east":{"uv":[3.75,11.125,3.875,11.375],"rotation":0,"texture":"#1","tintindex":0},"south":{"uv":[4.25,11.125,4.5,11.375],"rotation":0,"texture":"#1","tintindex":0},"north":{"uv":[3.875,11.125,4.125,11.375],"rotation":0,"texture":"#1","tintindex":0},"west":{"uv":[4.125,11.125,4.25,11.375],"rotation":0,"texture":"#1","tintindex":0},"up":{"uv":[4.125,11.125,3.875,11.0],"rotation":0,"texture":"#1","tintindex":0},"down":{"uv":[4.375,11.0,4.125,11.125],"rotation":0,"texture":"#1","tintindex":0}}}],"textures":{"1":"modelengine:entity/dark_princess"},"display":{"head":{"translation":[0.0,-6.4,0.0],"scale":[4.0,4.0,4.0]}}}