{"elements":[{"from":[6.721143,4.2865715,7.1414285],"to":[8.878858,8.056286,9.772858],"rotation":{"angle":0.0,"axis":"y","origin":[6.8925714,4.2865715,7.729429]},"faces":{"east":{"uv":[9.875,1.875,10.375,2.625],"rotation":0,"texture":"#1","tintindex":0},"south":{"uv":[11.25,1.875,11.625,2.625],"rotation":0,"texture":"#1","tintindex":0},"north":{"uv":[10.375,1.875,10.75,2.625],"rotation":0,"texture":"#1","tintindex":0},"west":{"uv":[10.75,1.875,11.25,2.625],"rotation":0,"texture":"#1","tintindex":0},"up":{"uv":[10.75,1.875,10.375,1.375],"rotation":0,"texture":"#1","tintindex":0},"down":{"uv":[11.125,1.375,10.75,1.875],"rotation":0,"texture":"#1","tintindex":0}}},{"from":[7.006857,4.2865715,6.2242856],"to":[8.5931425,5.770571,7.1414285],"rotation":{"angle":0.0,"axis":"y","origin":[7.1782856,4.2865715,7.383714]},"faces":{"east":{"uv":[4.625,11.25,4.75,11.5],"rotation":0,"texture":"#1","tintindex":0},"south":{"uv":[5.125,11.25,5.375,11.5],"rotation":0,"texture":"#1","tintindex":0},"north":{"uv":[4.75,11.25,5.0,11.5],"rotation":0,"texture":"#1","tintindex":0},"west":{"uv":[5.0,11.25,5.125,11.5],"rotation":0,"texture":"#1","tintindex":0},"up":{"uv":[5.0,11.25,4.75,11.125],"rotation":0,"texture":"#1","tintindex":0},"down":{"uv":[5.25,11.125,5.0,11.25],"rotation":0,"texture":"#1","tintindex":0}}}],"textures":{"1":"modelengine:entity/dark_princess"},"display":{"head":{"translation":[0.0,-6.4,0.0],"scale":[4.0,4.0,4.0]}}}