{"elements":[{"from":[7.888857,3.589428,6.592857],"to":[8.978571,7.9991426,8.035714],"rotation":{"angle":0.0,"axis":"y","origin":[11.250571,-2.5014296,6.6665716]},"faces":{"east":{"uv":[0.0,5.375,0.25,6.25],"rotation":0,"texture":"#1","tintindex":0},"south":{"uv":[0.625,5.375,0.75,6.25],"rotation":0,"texture":"#1","tintindex":0},"north":{"uv":[0.25,5.375,0.375,6.25],"rotation":0,"texture":"#1","tintindex":0},"west":{"uv":[0.375,5.375,0.625,6.25],"rotation":0,"texture":"#1","tintindex":0},"up":{"uv":[0.375,5.375,0.25,5.125],"rotation":0,"texture":"#1","tintindex":0},"down":{"uv":[0.5,5.125,0.375,5.375],"rotation":0,"texture":"#1","tintindex":0}}},{"from":[7.2419996,5.950571,6.2994285],"to":[9.328857,8.291714,8.500571],"rotation":{"angle":0.0,"axis":"y","origin":[8.028286,-4.962001,6.7122855]},"faces":{"east":{"uv":[2.125,10.75,2.5,11.25],"rotation":0,"texture":"#1","tintindex":0},"south":{"uv":[3.25,10.75,3.625,11.25],"rotation":0,"texture":"#1","tintindex":0},"north":{"uv":[2.5,10.75,2.875,11.25],"rotation":0,"texture":"#1","tintindex":0},"west":{"uv":[2.875,10.75,3.25,11.25],"rotation":0,"texture":"#1","tintindex":0},"up":{"uv":[2.875,10.75,2.5,10.375],"rotation":0,"texture":"#1","tintindex":0},"down":{"uv":[3.25,10.375,2.875,10.75],"rotation":0,"texture":"#1","tintindex":0}}},{"from":[7.5277143,4.979142,6.528],"to":[9.328857,6.0059996,8.100572],"rotation":{"angle":0.0,"axis":"y","origin":[8.028286,-7.247715,6.7122855]},"faces":{"east":{"uv":[10.375,10.875,10.625,11.0],"rotation":0,"texture":"#1","tintindex":0},"south":{"uv":[11.25,10.875,11.625,11.0],"rotation":0,"texture":"#1","tintindex":0},"north":{"uv":[10.625,10.875,11.0,11.0],"rotation":0,"texture":"#1","tintindex":0},"west":{"uv":[11.0,10.875,11.25,11.0],"rotation":0,"texture":"#1","tintindex":0},"up":{"uv":[11.0,10.875,10.625,10.625],"rotation":0,"texture":"#1","tintindex":0},"down":{"uv":[11.375,10.625,11.0,10.875],"rotation":0,"texture":"#1","tintindex":0}}}],"textures":{"1":"modelengine:entity/dark_princess"},"display":{"head":{"translation":[0.0,-6.4,0.0],"scale":[4.0,4.0,4.0]}}}