{"elements":[{"from":[4.8914285,25.394285,8.477136],"to":[11.108572,32.0,13.528564],"rotation":{"angle":-45.0,"axis":"x","origin":[8.0,27.531427,11.00285]},"faces":{"east":{"uv":[6.65625,2.65625,6.96875,3.09375],"rotation":0,"texture":"#0","tintindex":0},"south":{"uv":[5.9375,0.6875,6.34375,1.125],"rotation":0,"texture":"#0","tintindex":0},"north":{"uv":[5.9375,0.6875,6.34375,1.125],"rotation":0,"texture":"#0","tintindex":0},"west":{"uv":[6.65625,3.09375,6.96875,3.53125],"rotation":0,"texture":"#0","tintindex":0},"up":{"uv":[0.96875,7.125,0.5625,6.8125],"rotation":0,"texture":"#0","tintindex":0},"down":{"uv":[7.21875,3.53125,6.8125,3.84375],"rotation":0,"texture":"#0","tintindex":0}}}],"textures":{"0":"modelengine:entity/gm_galaxy_dragon"},"display":{"head":{"translation":[0.0,0.12763357,0.0],"scale":[4.0,4.0,4.0]}}}