{"elements":[{"from":[5.314971,7.3180757,3.4966626],"to":[10.685029,9.023904,9.923635],"rotation":{"angle":-22.5,"axis":"x","origin":[8.314743,7.597847,11.522606]},"faces":{"east":{"uv":[7.28125,0.875,7.6875,1.0],"rotation":0,"texture":"#0","tintindex":0},"south":{"uv":[7.4375,3.8125,7.78125,3.9375],"rotation":0,"texture":"#0","tintindex":0},"north":{"uv":[7.40625,2.5,7.75,2.625],"rotation":0,"texture":"#0","tintindex":0},"west":{"uv":[7.375,3.375,7.78125,3.5],"rotation":0,"texture":"#0","tintindex":0},"up":{"uv":[2.0625,7.0625,1.71875,6.65625],"rotation":0,"texture":"#0","tintindex":0},"down":{"uv":[2.40625,6.65625,2.0625,7.0625],"rotation":0,"texture":"#0","tintindex":0}}},{"from":[7.7435427,1.7165093,0.11070061],"to":[7.7435427,7.3080525,8.480529],"rotation":{"angle":-45.0,"axis":"x","origin":[7.7435427,5.7265663,4.295615]},"faces":{"east":{"uv":[5.6875,2.1875,6.21875,2.5625],"rotation":0,"texture":"#0","tintindex":0},"south":{"uv":[0.0,0.0,0.0,0.375],"rotation":0,"texture":"#0","tintindex":0},"north":{"uv":[0.0,0.0,0.0,0.375],"rotation":0,"texture":"#0","tintindex":0},"west":{"uv":[5.375,5.75,5.90625,6.125],"rotation":0,"texture":"#0","tintindex":0},"up":{"uv":[0.0,0.53125,0.0,0.0],"rotation":0,"texture":"#0","tintindex":0},"down":{"uv":[0.0,0.0,0.0,0.53125],"rotation":0,"texture":"#0","tintindex":0}}}],"textures":{"0":"modelengine:entity/gm_galaxy_dragon"},"display":{"head":{"translation":[0.0,-6.4,0.0],"scale":[4.0,4.0,4.0]}}}