{"elements":[{"from":[7.805714,4.1142855,6.64],"to":[10.137143,8.0,9.360001],"rotation":{"angle":0.0,"axis":"y","origin":[8.971429,6.0571427,8.0]},"faces":{"east":{"uv":[5.6875,6.6875,5.875,6.9375],"rotation":0,"texture":"#0","tintindex":0},"south":{"uv":[6.84375,5.40625,7.0,5.65625],"rotation":0,"texture":"#0","tintindex":0},"north":{"uv":[2.40625,6.65625,2.5625,6.90625],"rotation":0,"texture":"#0","tintindex":0},"west":{"uv":[5.6875,6.6875,5.875,6.9375],"rotation":0,"texture":"#0","tintindex":0},"up":{"uv":[1.40625,7.71875,1.25,7.53125],"rotation":0,"texture":"#0","tintindex":0},"down":{"uv":[1.5625,7.53125,1.40625,7.71875],"rotation":0,"texture":"#0","tintindex":0}}}],"textures":{"0":"modelengine:entity/gm_galaxy_dragon"},"display":{"head":{"translation":[0.0,-6.4,0.0],"scale":[4.0,4.0,4.0]}}}