{"elements":[{"from":[5.0794,7.0995007,3.5384274],"to":[11.374257,13.079615,10.148027],"rotation":{"angle":-22.5,"axis":"x","origin":[8.226829,10.876415,6.8432274]},"faces":{"east":{"uv":[6.1875,1.125,6.625,1.5],"rotation":0,"texture":"#0","tintindex":0},"south":{"uv":[6.21875,0.0,6.625,0.375],"rotation":0,"texture":"#0","tintindex":0},"north":{"uv":[6.1875,6.0625,6.59375,6.4375],"rotation":0,"texture":"#0","tintindex":0},"west":{"uv":[6.1875,1.5,6.625,1.875],"rotation":0,"texture":"#0","tintindex":0},"up":{"uv":[3.0,6.375,2.59375,5.9375],"rotation":0,"texture":"#0","tintindex":0},"down":{"uv":[3.40625,5.96875,3.0,6.40625],"rotation":0,"texture":"#0","tintindex":0}}}],"textures":{"0":"modelengine:entity/gm_galaxy_dragon"},"display":{"head":{"translation":[0.0,-6.4,0.0],"scale":[4.0,4.0,4.0]}}}