{"elements":[{"from":[6.8342857,3.92,6.64],"to":[9.165714,8.582857,9.360001],"rotation":{"angle":0.0,"axis":"y","origin":[9.165714,-0.3542862,5.4742856]},"faces":{"east":{"uv":[7.40625,6.53125,7.59375,6.84375],"rotation":0,"texture":"#0","tintindex":0},"south":{"uv":[4.6875,7.4375,4.84375,7.75],"rotation":0,"texture":"#0","tintindex":0},"north":{"uv":[4.6875,7.4375,4.84375,7.75],"rotation":0,"texture":"#0","tintindex":0},"west":{"uv":[0.25,7.4375,0.4375,7.75],"rotation":0,"texture":"#0","tintindex":0},"up":{"uv":[5.46875,7.6875,5.3125,7.5],"rotation":0,"texture":"#0","tintindex":0},"down":{"uv":[1.0625,7.53125,0.90625,7.71875],"rotation":0,"texture":"#0","tintindex":0}}}],"textures":{"0":"modelengine:entity/gm_galaxy_dragon"},"display":{"head":{"translation":[0.0,-6.4,0.0],"scale":[4.0,4.0,4.0]}}}