{"elements":[{"from":[8.097143,5.096299,5.9054575],"to":[10.8171425,8.204871,8.236886],"rotation":{"angle":22.5,"axis":"x","origin":[18.005714,5.873442,7.0711718]},"faces":{"east":{"uv":[5.6875,6.6875,5.875,6.9375],"rotation":0,"texture":"#0","tintindex":0},"south":{"uv":[6.8125,7.4375,6.96875,7.6875],"rotation":0,"texture":"#0","tintindex":0},"north":{"uv":[2.40625,6.65625,2.5625,6.90625],"rotation":0,"texture":"#0","tintindex":0},"west":{"uv":[3.3125,7.53125,3.46875,7.71875],"rotation":0,"texture":"#0","tintindex":0},"up":{"uv":[3.65625,7.6875,3.46875,7.53125],"rotation":0,"texture":"#0","tintindex":0},"down":{"uv":[1.5625,7.53125,1.40625,7.71875],"rotation":0,"texture":"#0","tintindex":0}}}],"textures":{"0":"modelengine:entity/gm_galaxy_dragon"},"display":{"head":{"translation":[0.0,-6.4,0.0],"scale":[4.0,4.0,4.0]}}}