{"elements":[{"from":[6.64,5.034966,6.120642],"to":[9.360001,9.697824,8.45207],"rotation":{"angle":22.5,"axis":"x","origin":[16.548573,7.3663945,7.2863564]},"faces":{"east":{"uv":[7.40625,6.53125,7.59375,6.84375],"rotation":0,"texture":"#0","tintindex":0},"south":{"uv":[4.6875,7.4375,4.84375,7.75],"rotation":0,"texture":"#0","tintindex":0},"north":{"uv":[7.4375,1.78125,7.59375,2.09375],"rotation":0,"texture":"#0","tintindex":0},"west":{"uv":[0.25,7.4375,0.4375,7.75],"rotation":0,"texture":"#0","tintindex":0},"up":{"uv":[7.6875,1.34375,7.5,1.1875],"rotation":0,"texture":"#0","tintindex":0},"down":{"uv":[1.25,7.53125,1.0625,7.6875],"rotation":0,"texture":"#0","tintindex":0}}}],"textures":{"0":"modelengine:entity/gm_galaxy_dragon"},"display":{"head":{"translation":[0.0,-6.4,0.0],"scale":[4.0,4.0,4.0]}}}