{"elements":[{"from":[5.093486,7.6719027,4.4993505],"to":[10.129372,13.652018,10.4794655],"rotation":{"angle":-22.5,"axis":"x","origin":[7.9261713,11.448817,7.804151]},"faces":{"east":{"uv":[6.25,4.15625,6.625,4.53125],"rotation":0,"texture":"#0","tintindex":0},"south":{"uv":[3.0,6.9375,3.3125,7.3125],"rotation":0,"texture":"#0","tintindex":0},"north":{"uv":[6.9375,1.5,7.25,1.875],"rotation":0,"texture":"#0","tintindex":0},"west":{"uv":[6.46875,5.3125,6.84375,5.6875],"rotation":0,"texture":"#0","tintindex":0},"up":{"uv":[7.25,4.53125,6.9375,4.15625],"rotation":0,"texture":"#0","tintindex":0},"down":{"uv":[7.25,4.53125,6.9375,4.90625],"rotation":0,"texture":"#0","tintindex":0}}}],"textures":{"0":"modelengine:entity/gm_galaxy_dragon"},"display":{"head":{"translation":[0.0,-6.4,0.0],"scale":[4.0,4.0,4.0]}}}