{"elements":[{"from":[5.377143,3.5314283,5.1492133],"to":[8.874286,8.194285,11.754928],"rotation":{"angle":0.0,"axis":"y","origin":[8.0,8.0,8.0]},"faces":{"east":{"uv":[6.6875,1.875,7.125,2.1875],"rotation":0,"texture":"#0","tintindex":0},"south":{"uv":[3.0,7.3125,3.21875,7.625],"rotation":0,"texture":"#0","tintindex":0},"north":{"uv":[6.4375,7.28125,6.65625,7.59375],"rotation":0,"texture":"#0","tintindex":0},"west":{"uv":[5.25,6.6875,5.6875,7.0],"rotation":0,"texture":"#0","tintindex":0},"up":{"uv":[5.15625,7.65625,4.9375,7.21875],"rotation":0,"texture":"#0","tintindex":0},"down":{"uv":[7.46875,1.34375,7.25,1.78125],"rotation":0,"texture":"#0","tintindex":0}}}],"textures":{"0":"modelengine:entity/gm_galaxy_dragon"},"display":{"head":{"translation":[0.0,-6.4,0.0],"scale":[4.0,4.0,4.0]}}}