{"elements":[{"from":[7.028571,3.350398,5.076102],"to":[10.525715,8.013255,11.681816],"rotation":{"angle":0.0,"axis":"y","origin":[9.360001,-0.9238882,7.796102]},"faces":{"east":{"uv":[6.59375,6.0625,7.03125,6.375],"rotation":0,"texture":"#0","tintindex":0},"south":{"uv":[7.3125,2.875,7.53125,3.1875],"rotation":0,"texture":"#0","tintindex":0},"north":{"uv":[6.4375,7.28125,6.65625,7.59375],"rotation":0,"texture":"#0","tintindex":0},"west":{"uv":[6.6875,1.875,7.125,2.1875],"rotation":0,"texture":"#0","tintindex":0},"up":{"uv":[7.40625,2.625,7.1875,2.1875],"rotation":0,"texture":"#0","tintindex":0},"down":{"uv":[7.4375,3.53125,7.21875,3.96875],"rotation":0,"texture":"#0","tintindex":0}}}],"textures":{"0":"modelengine:entity/gm_galaxy_dragon"},"display":{"head":{"translation":[0.0,-6.4,0.0],"scale":[4.0,4.0,4.0]}}}