{"elements":[{"from":[3.7771997,8.546059,5.1347523],"to":[12.59,14.526173,11.744352],"rotation":{"angle":-22.5,"axis":"x","origin":[8.1836,12.322973,8.439552]},"faces":{"east":{"uv":[6.03125,5.375,6.46875,5.75],"rotation":0,"texture":"#0","tintindex":0},"south":{"uv":[5.625,1.8125,6.1875,2.1875],"rotation":0,"texture":"#0","tintindex":0},"north":{"uv":[5.625,1.4375,6.1875,1.8125],"rotation":0,"texture":"#0","tintindex":0},"west":{"uv":[1.09375,6.1875,1.53125,6.5625],"rotation":0,"texture":"#0","tintindex":0},"up":{"uv":[2.53125,5.78125,1.96875,5.34375],"rotation":0,"texture":"#0","tintindex":0},"down":{"uv":[5.375,5.375,4.8125,5.8125],"rotation":0,"texture":"#0","tintindex":0}}},{"from":[3.1477141,11.378744,3.246295],"to":[13.219486,17.35886,11.744352],"rotation":{"angle":-22.5,"axis":"x","origin":[8.1836,15.155659,8.439552]},"faces":{"east":{"uv":[5.65625,4.625,6.1875,5.0],"rotation":0,"texture":"#0","tintindex":0},"south":{"uv":[3.40625,5.5,4.0625,5.875],"rotation":0,"texture":"#0","tintindex":0},"north":{"uv":[5.375,5.375,6.03125,5.75],"rotation":0,"texture":"#0","tintindex":0},"west":{"uv":[5.65625,5.0,6.1875,5.375],"rotation":0,"texture":"#0","tintindex":0},"up":{"uv":[4.15625,5.5,3.5,4.96875],"rotation":0,"texture":"#0","tintindex":0},"down":{"uv":[4.8125,4.96875,4.15625,5.5],"rotation":0,"texture":"#0","tintindex":0}}}],"textures":{"0":"modelengine:entity/gm_galaxy_dragon"},"display":{"head":{"translation":[0.0,-6.4,0.0],"scale":[4.0,4.0,4.0]}}}