{"elements":[{"from":[5.6685715,1.977992,2.7648492],"to":[10.331429,10.837421,8.360278],"rotation":{"angle":45.0,"axis":"x","origin":[1.7051425,5.7082777,5.562564]},"faces":{"east":{"uv":[3.6875,6.5625,4.0,7.03125],"rotation":0,"texture":"#0","tintindex":0},"south":{"uv":[2.75,6.9375,3.0,7.40625],"rotation":0,"texture":"#0","tintindex":0},"north":{"uv":[6.9375,2.1875,7.1875,2.65625],"rotation":0,"texture":"#0","tintindex":0},"west":{"uv":[4.0,6.59375,4.3125,7.0625],"rotation":0,"texture":"#0","tintindex":0},"up":{"uv":[6.1875,1.4375,5.9375,1.125],"rotation":0,"texture":"#0","tintindex":0},"down":{"uv":[6.125,7.28125,5.875,7.59375],"rotation":0,"texture":"#0","tintindex":0}}}],"textures":{"0":"modelengine:entity/gm_galaxy_dragon"},"display":{"head":{"translation":[0.0,-6.4,0.0],"scale":[4.0,4.0,4.0]}}}