{"elements":[{"from":[5.862857,4.1142855,6.64],"to":[8.194285,8.0,9.360001],"rotation":{"angle":0.0,"axis":"y","origin":[7.028571,6.0571427,8.0]},"faces":{"east":{"uv":[3.3125,7.53125,3.46875,7.71875],"rotation":0,"texture":"#0","tintindex":0},"south":{"uv":[6.84375,5.40625,7.0,5.65625],"rotation":0,"texture":"#0","tintindex":0},"north":{"uv":[2.3125,7.5,2.46875,7.75],"rotation":0,"texture":"#0","tintindex":0},"west":{"uv":[3.3125,7.53125,3.46875,7.71875],"rotation":0,"texture":"#0","tintindex":0},"up":{"uv":[7.6875,4.78125,7.53125,4.59375],"rotation":0,"texture":"#0","tintindex":0},"down":{"uv":[7.6875,4.78125,7.53125,4.96875],"rotation":0,"texture":"#0","tintindex":0}}}],"textures":{"0":"modelengine:entity/gm_galaxy_dragon"},"display":{"head":{"translation":[0.0,-6.4,0.0],"scale":[4.0,4.0,4.0]}}}