{"elements":[{"from":[6.8342857,4.8914285,6.64],"to":[9.165714,9.554286,9.360001],"rotation":{"angle":0.0,"axis":"y","origin":[8.0,5.0857143,8.0]},"faces":{"east":{"uv":[7.40625,6.53125,7.59375,6.84375],"rotation":0,"texture":"#0","tintindex":0},"south":{"uv":[7.4375,3.5,7.59375,3.8125],"rotation":0,"texture":"#0","tintindex":0},"north":{"uv":[7.4375,1.78125,7.59375,2.09375],"rotation":0,"texture":"#0","tintindex":0},"west":{"uv":[0.25,7.4375,0.4375,7.75],"rotation":0,"texture":"#0","tintindex":0},"up":{"uv":[6.78125,5.28125,6.625,5.09375],"rotation":0,"texture":"#0","tintindex":0},"down":{"uv":[5.3125,7.5,5.15625,7.6875],"rotation":0,"texture":"#0","tintindex":0}}}],"textures":{"0":"modelengine:entity/gm_galaxy_dragon"},"display":{"head":{"translation":[0.0,-6.4,0.0],"scale":[4.0,4.0,4.0]}}}