{"elements":[{"from":[6.8342857,3.92,6.64],"to":[9.165714,8.582857,9.360001],"rotation":{"angle":0.0,"axis":"y","origin":[7.9028573,11.108572,4.8279295]},"faces":{"east":{"uv":[0.25,7.4375,0.4375,7.75],"rotation":0,"texture":"#0","tintindex":0},"south":{"uv":[6.65625,7.4375,6.8125,7.75],"rotation":0,"texture":"#0","tintindex":0},"north":{"uv":[4.6875,7.4375,4.84375,7.75],"rotation":0,"texture":"#0","tintindex":0},"west":{"uv":[0.4375,7.4375,0.625,7.75],"rotation":0,"texture":"#0","tintindex":0},"up":{"uv":[3.8125,7.71875,3.65625,7.53125],"rotation":0,"texture":"#0","tintindex":0},"down":{"uv":[3.96875,7.53125,3.8125,7.71875],"rotation":0,"texture":"#0","tintindex":0}}}],"textures":{"0":"modelengine:entity/gm_galaxy_dragon"},"display":{"head":{"translation":[0.0,-6.4,0.0],"scale":[4.0,4.0,4.0]}}}