{"elements":[{"from":[4.502857,6.134857,1.9382854],"to":[11.030857,9.398857,7.5337143],"rotation":{"angle":45.0,"axis":"x","origin":[1.4719996,4.2697144,4.736]},"faces":{"east":{"uv":[6.9375,4.90625,7.25,5.09375],"rotation":0,"texture":"#0","tintindex":0},"south":{"uv":[7.34375,5.71875,7.6875,5.90625],"rotation":0,"texture":"#0","tintindex":0},"north":{"uv":[3.625,7.34375,3.96875,7.53125],"rotation":0,"texture":"#0","tintindex":0},"west":{"uv":[7.375,6.15625,7.6875,6.34375],"rotation":0,"texture":"#0","tintindex":0},"up":{"uv":[1.65625,7.34375,1.3125,7.03125],"rotation":0,"texture":"#0","tintindex":0},"down":{"uv":[4.0,7.03125,3.65625,7.34375],"rotation":0,"texture":"#0","tintindex":0}}},{"from":[4.502857,3.337143,1.4719996],"to":[11.030857,6.601143,7.5337143],"rotation":{"angle":0.0,"axis":"y","origin":[1.4719996,1.4719996,4.736]},"faces":{"east":{"uv":[3.96875,7.40625,4.28125,7.59375],"rotation":0,"texture":"#0","tintindex":0},"south":{"uv":[7.375,3.1875,7.71875,3.375],"rotation":0,"texture":"#0","tintindex":0},"north":{"uv":[1.625,7.375,1.96875,7.5625],"rotation":0,"texture":"#0","tintindex":0},"west":{"uv":[7.40625,6.34375,7.71875,6.53125],"rotation":0,"texture":"#0","tintindex":0},"up":{"uv":[7.375,5.71875,7.03125,5.40625],"rotation":0,"texture":"#0","tintindex":0},"down":{"uv":[6.71875,6.96875,6.375,7.28125],"rotation":0,"texture":"#0","tintindex":0}}},{"from":[5.4354286,3.337143,9.398857],"to":[10.098286,6.601143,14.061714],"rotation":{"angle":0.0,"axis":"y","origin":[1.4719996,1.4719996,14.061714]},"faces":{"east":{"uv":[7.46875,7.03125,7.71875,7.21875],"rotation":0,"texture":"#0","tintindex":0},"south":{"uv":[7.5,1.0,7.75,1.1875],"rotation":0,"texture":"#0","tintindex":0},"north":{"uv":[7.46875,6.84375,7.71875,7.03125],"rotation":0,"texture":"#0","tintindex":0},"west":{"uv":[7.46875,1.53125,7.71875,1.71875],"rotation":0,"texture":"#0","tintindex":0},"up":{"uv":[7.625,6.15625,7.375,5.90625],"rotation":0,"texture":"#0","tintindex":0},"down":{"uv":[0.25,7.40625,0.0,7.65625],"rotation":0,"texture":"#0","tintindex":0}}},{"from":[10.448,3.337143,-2.7245722],"to":[10.448,8.0,3.337143],"rotation":{"angle":0.0,"axis":"y","origin":[0.8891425,1.4719996,0.53942823]},"faces":{"east":{"uv":[7.25,5.15625,7.5625,5.40625],"rotation":0,"texture":"#0","tintindex":0},"south":{"uv":[0.0,0.0,0.0,0.25],"rotation":0,"texture":"#0","tintindex":0},"north":{"uv":[0.0,0.0,0.0,0.25],"rotation":0,"texture":"#0","tintindex":0},"west":{"uv":[6.125,7.28125,6.4375,7.53125],"rotation":0,"texture":"#0","tintindex":0},"up":{"uv":[0.0,0.3125,0.0,0.0],"rotation":0,"texture":"#0","tintindex":0},"down":{"uv":[0.0,0.0,0.0,0.3125],"rotation":0,"texture":"#0","tintindex":0}}},{"from":[7.766857,3.337143,-2.7245722],"to":[7.766857,8.0,3.337143],"rotation":{"angle":0.0,"axis":"y","origin":[-1.7919998,1.4719996,0.53942823]},"faces":{"east":{"uv":[7.25,5.15625,7.5625,5.40625],"rotation":0,"texture":"#0","tintindex":0},"south":{"uv":[0.0,0.0,0.0,0.25],"rotation":0,"texture":"#0","tintindex":0},"north":{"uv":[0.0,0.0,0.0,0.25],"rotation":0,"texture":"#0","tintindex":0},"west":{"uv":[7.28125,0.625,7.59375,0.875],"rotation":0,"texture":"#0","tintindex":0},"up":{"uv":[0.0,0.3125,0.0,0.0],"rotation":0,"texture":"#0","tintindex":0},"down":{"uv":[0.0,0.0,0.0,0.3125],"rotation":0,"texture":"#0","tintindex":0}}},{"from":[7.766857,3.337143,12.662857],"to":[7.766857,8.0,18.724571],"rotation":{"angle":0.0,"axis":"y","origin":[-1.7919998,1.4719996,15.926857]},"faces":{"east":{"uv":[3.3125,7.28125,3.625,7.53125],"rotation":0,"texture":"#0","tintindex":0},"south":{"uv":[0.0,0.0,0.0,0.25],"rotation":0,"texture":"#0","tintindex":0},"north":{"uv":[0.0,0.0,0.0,0.25],"rotation":0,"texture":"#0","tintindex":0},"west":{"uv":[7.3125,2.625,7.625,2.875],"rotation":0,"texture":"#0","tintindex":0},"up":{"uv":[0.0,0.3125,0.0,0.0],"rotation":0,"texture":"#0","tintindex":0},"down":{"uv":[0.0,0.0,0.0,0.3125],"rotation":0,"texture":"#0","tintindex":0}}},{"from":[5.0857143,3.337143,-2.7245722],"to":[5.0857143,8.0,3.337143],"rotation":{"angle":0.0,"axis":"y","origin":[-4.4731426,1.4719996,0.53942823]},"faces":{"east":{"uv":[7.25,5.15625,7.5625,5.40625],"rotation":0,"texture":"#0","tintindex":0},"south":{"uv":[0.0,0.0,0.0,0.25],"rotation":0,"texture":"#0","tintindex":0},"north":{"uv":[0.0,0.0,0.0,0.25],"rotation":0,"texture":"#0","tintindex":0},"west":{"uv":[7.28125,0.625,7.59375,0.875],"rotation":0,"texture":"#0","tintindex":0},"up":{"uv":[0.0,0.3125,0.0,0.0],"rotation":0,"texture":"#0","tintindex":0},"down":{"uv":[0.0,0.0,0.0,0.3125],"rotation":0,"texture":"#0","tintindex":0}}}],"textures":{"0":"modelengine:entity/gm_galaxy_dragon"},"display":{"head":{"translation":[0.0,-6.4,0.0],"scale":[4.0,4.0,4.0]}}}