{"elements":[{"from":[2.1714282,2.1411333,3.5399904],"to":[6.8342857,11.000563,9.135419],"rotation":{"angle":45.0,"axis":"x","origin":[11.264,5.871419,6.3377047]},"faces":{"east":{"uv":[1.09375,6.5625,1.40625,7.03125],"rotation":0,"texture":"#0","tintindex":0},"south":{"uv":[6.9375,1.03125,7.1875,1.5],"rotation":0,"texture":"#0","tintindex":0},"north":{"uv":[4.96875,6.75,5.21875,7.21875],"rotation":0,"texture":"#0","tintindex":0},"west":{"uv":[1.40625,6.5625,1.71875,7.03125],"rotation":0,"texture":"#0","tintindex":0},"up":{"uv":[6.1875,1.4375,5.9375,1.125],"rotation":0,"texture":"#0","tintindex":0},"down":{"uv":[4.6875,6.21875,4.4375,6.53125],"rotation":0,"texture":"#0","tintindex":0}}}],"textures":{"0":"modelengine:entity/gm_galaxy_dragon"},"display":{"head":{"translation":[0.0,-6.4,0.0],"scale":[4.0,4.0,4.0]}}}