{"elements":[{"from":[4.969143,6.134857,1.9382854],"to":[11.497143,9.398857,7.5337143],"rotation":{"angle":45.0,"axis":"x","origin":[14.994286,4.2697144,4.736]},"faces":{"east":{"uv":[6.9375,4.90625,7.25,5.09375],"rotation":0,"texture":"#0","tintindex":0},"south":{"uv":[7.3125,7.25,7.65625,7.4375],"rotation":0,"texture":"#0","tintindex":0},"north":{"uv":[5.15625,7.3125,5.5,7.5],"rotation":0,"texture":"#0","tintindex":0},"west":{"uv":[7.375,6.15625,7.6875,6.34375],"rotation":0,"texture":"#0","tintindex":0},"up":{"uv":[3.65625,7.28125,3.3125,6.96875],"rotation":0,"texture":"#0","tintindex":0},"down":{"uv":[6.03125,6.96875,5.6875,7.28125],"rotation":0,"texture":"#0","tintindex":0}}},{"from":[4.969143,3.337143,1.4719996],"to":[11.497143,6.601143,7.5337143],"rotation":{"angle":0.0,"axis":"y","origin":[14.994286,1.4719996,4.736]},"faces":{"east":{"uv":[3.96875,7.40625,4.28125,7.59375],"rotation":0,"texture":"#0","tintindex":0},"south":{"uv":[1.28125,7.34375,1.625,7.53125],"rotation":0,"texture":"#0","tintindex":0},"north":{"uv":[0.9375,7.34375,1.28125,7.53125],"rotation":0,"texture":"#0","tintindex":0},"west":{"uv":[7.40625,6.34375,7.71875,6.53125],"rotation":0,"texture":"#0","tintindex":0},"up":{"uv":[6.375,7.28125,6.03125,6.96875],"rotation":0,"texture":"#0","tintindex":0},"down":{"uv":[6.71875,6.96875,6.375,7.28125],"rotation":0,"texture":"#0","tintindex":0}}},{"from":[5.9017143,3.337143,9.398857],"to":[10.564571,6.601143,14.061714],"rotation":{"angle":0.0,"axis":"y","origin":[14.994286,1.4719996,14.061714]},"faces":{"east":{"uv":[7.3125,7.4375,7.5625,7.625],"rotation":0,"texture":"#0","tintindex":0},"south":{"uv":[7.46875,1.34375,7.71875,1.53125],"rotation":0,"texture":"#0","tintindex":0},"north":{"uv":[6.34375,0.90625,6.59375,1.09375],"rotation":0,"texture":"#0","tintindex":0},"west":{"uv":[7.46875,1.53125,7.71875,1.71875],"rotation":0,"texture":"#0","tintindex":0},"up":{"uv":[0.8125,6.78125,0.5625,6.53125],"rotation":0,"texture":"#0","tintindex":0},"down":{"uv":[7.625,5.40625,7.375,5.65625],"rotation":0,"texture":"#0","tintindex":0}}},{"from":[10.914286,3.337143,-2.7245722],"to":[10.914286,8.0,3.337143],"rotation":{"angle":0.0,"axis":"y","origin":[14.411428,1.4719996,0.53942823]},"faces":{"east":{"uv":[7.25,5.15625,7.5625,5.40625],"rotation":0,"texture":"#0","tintindex":0},"south":{"uv":[0.0,0.0,0.0,0.25],"rotation":0,"texture":"#0","tintindex":0},"north":{"uv":[0.0,0.0,0.0,0.25],"rotation":0,"texture":"#0","tintindex":0},"west":{"uv":[7.28125,0.625,7.59375,0.875],"rotation":0,"texture":"#0","tintindex":0},"up":{"uv":[0.0,0.3125,0.0,0.0],"rotation":0,"texture":"#0","tintindex":0},"down":{"uv":[0.0,0.0,0.0,0.3125],"rotation":0,"texture":"#0","tintindex":0}}},{"from":[8.233143,3.337143,-2.7245722],"to":[8.233143,8.0,3.337143],"rotation":{"angle":0.0,"axis":"y","origin":[11.730286,1.4719996,0.53942823]},"faces":{"east":{"uv":[7.25,5.15625,7.5625,5.40625],"rotation":0,"texture":"#0","tintindex":0},"south":{"uv":[0.0,0.0,0.0,0.25],"rotation":0,"texture":"#0","tintindex":0},"north":{"uv":[0.0,0.0,0.0,0.25],"rotation":0,"texture":"#0","tintindex":0},"west":{"uv":[7.28125,0.625,7.59375,0.875],"rotation":0,"texture":"#0","tintindex":0},"up":{"uv":[0.0,0.3125,0.0,0.0],"rotation":0,"texture":"#0","tintindex":0},"down":{"uv":[0.0,0.0,0.0,0.3125],"rotation":0,"texture":"#0","tintindex":0}}},{"from":[5.552,3.337143,-2.7245722],"to":[5.552,8.0,3.337143],"rotation":{"angle":0.0,"axis":"y","origin":[9.049143,1.4719996,0.53942823]},"faces":{"east":{"uv":[7.25,5.15625,7.5625,5.40625],"rotation":0,"texture":"#0","tintindex":0},"south":{"uv":[0.0,0.0,0.0,0.25],"rotation":0,"texture":"#0","tintindex":0},"north":{"uv":[0.0,0.0,0.0,0.25],"rotation":0,"texture":"#0","tintindex":0},"west":{"uv":[7.28125,0.625,7.59375,0.875],"rotation":0,"texture":"#0","tintindex":0},"up":{"uv":[0.0,0.3125,0.0,0.0],"rotation":0,"texture":"#0","tintindex":0},"down":{"uv":[0.0,0.0,0.0,0.3125],"rotation":0,"texture":"#0","tintindex":0}}},{"from":[8.233143,3.337143,12.662857],"to":[8.233143,8.0,18.724571],"rotation":{"angle":0.0,"axis":"y","origin":[11.730286,1.4719996,15.926857]},"faces":{"east":{"uv":[3.3125,7.28125,3.625,7.53125],"rotation":0,"texture":"#0","tintindex":0},"south":{"uv":[0.0,0.0,0.0,0.25],"rotation":0,"texture":"#0","tintindex":0},"north":{"uv":[0.0,0.0,0.0,0.25],"rotation":0,"texture":"#0","tintindex":0},"west":{"uv":[5.5625,7.28125,5.875,7.53125],"rotation":0,"texture":"#0","tintindex":0},"up":{"uv":[0.0,0.3125,0.0,0.0],"rotation":0,"texture":"#0","tintindex":0},"down":{"uv":[0.0,0.0,0.0,0.3125],"rotation":0,"texture":"#0","tintindex":0}}}],"textures":{"0":"modelengine:entity/gm_galaxy_dragon"},"display":{"head":{"translation":[0.0,-6.4,0.0],"scale":[4.0,4.0,4.0]}}}