{"elements":[{"from":[5.6685715,4.988571,6.3485713],"to":[8.388572,8.097143,8.68],"rotation":{"angle":22.5,"axis":"x","origin":[7.028571,6.542857,7.5142856]},"faces":{"east":{"uv":[3.3125,7.53125,3.46875,7.71875],"rotation":0,"texture":"#0","tintindex":0},"south":{"uv":[6.84375,5.40625,7.0,5.65625],"rotation":0,"texture":"#0","tintindex":0},"north":{"uv":[2.3125,7.5,2.46875,7.75],"rotation":0,"texture":"#0","tintindex":0},"west":{"uv":[3.3125,7.53125,3.46875,7.71875],"rotation":0,"texture":"#0","tintindex":0},"up":{"uv":[7.75,0.15625,7.5625,0.0],"rotation":0,"texture":"#0","tintindex":0},"down":{"uv":[7.6875,4.78125,7.53125,4.96875],"rotation":0,"texture":"#0","tintindex":0}}}],"textures":{"0":"modelengine:entity/gm_galaxy_dragon"},"display":{"head":{"translation":[0.0,-6.4,0.0],"scale":[4.0,4.0,4.0]}}}