{"elements":[{"from":[7.028571,-1.1314287,4.8914285],"to":[11.302857,9.748571,6.445714],"rotation":{"angle":0.0,"axis":"y","origin":[9.360001,1.5885711,6.8342857]},"faces":{"east":{"uv":[4.40625,7.375,4.5,8.0625],"rotation":0,"texture":"#0","tintindex":0},"south":{"uv":[5.9375,0.0,6.21875,0.6875],"rotation":0,"texture":"#0","tintindex":0},"north":{"uv":[5.90625,5.75,6.1875,6.4375],"rotation":0,"texture":"#0","tintindex":0},"west":{"uv":[4.5,7.375,4.59375,8.0625],"rotation":0,"texture":"#0","tintindex":0},"up":{"uv":[7.84375,5.34375,7.5625,5.25],"rotation":0,"texture":"#0","tintindex":0},"down":{"uv":[7.3125,7.5625,7.03125,7.65625],"rotation":0,"texture":"#0","tintindex":0}}},{"from":[7.028571,-1.1314287,6.445714],"to":[12.468572,10.525715,12.274286],"rotation":{"angle":0.0,"axis":"y","origin":[9.748571,1.5885711,8.388572]},"faces":{"east":{"uv":[5.25,0.75,5.625,1.5],"rotation":0,"texture":"#0","tintindex":0},"south":{"uv":[0.6875,5.34375,1.03125,6.09375],"rotation":0,"texture":"#0","tintindex":0},"north":{"uv":[0.34375,5.34375,0.6875,6.09375],"rotation":0,"texture":"#0","tintindex":0},"west":{"uv":[5.25,1.5,5.625,2.25],"rotation":0,"texture":"#0","tintindex":0},"up":{"uv":[4.96875,7.125,4.625,6.75],"rotation":0,"texture":"#0","tintindex":0},"down":{"uv":[7.0625,6.75,6.71875,7.125],"rotation":0,"texture":"#0","tintindex":0}}}],"textures":{"0":"modelengine:entity/gm_galaxy_dragon"},"display":{"head":{"translation":[0.0,-6.4,0.0],"scale":[4.0,4.0,4.0]}}}