{"elements":[{"from":[3.660952,-0.74285793,4.8914285],"to":[7.935238,10.137143,6.445714],"rotation":{"angle":0.0,"axis":"y","origin":[5.992381,1.9771428,6.8342857]},"faces":{"east":{"uv":[3.21875,7.3125,3.3125,8.0],"rotation":0,"texture":"#0","tintindex":0},"south":{"uv":[3.75,5.875,4.03125,6.5625],"rotation":0,"texture":"#0","tintindex":0},"north":{"uv":[1.65625,5.875,1.9375,6.5625],"rotation":0,"texture":"#0","tintindex":0},"west":{"uv":[4.3125,7.375,4.40625,8.0625],"rotation":0,"texture":"#0","tintindex":0},"up":{"uv":[1.84375,7.65625,1.5625,7.5625],"rotation":0,"texture":"#0","tintindex":0},"down":{"uv":[7.84375,5.15625,7.5625,5.25],"rotation":0,"texture":"#0","tintindex":0}}},{"from":[2.8838096,-0.74285793,6.445714],"to":[8.32381,10.914286,12.274286],"rotation":{"angle":0.0,"axis":"y","origin":[5.6038094,1.9771428,8.388572]},"faces":{"east":{"uv":[3.03125,5.21875,3.40625,5.96875],"rotation":0,"texture":"#0","tintindex":0},"south":{"uv":[0.0,5.34375,0.34375,6.09375],"rotation":0,"texture":"#0","tintindex":0},"north":{"uv":[5.3125,4.625,5.65625,5.375],"rotation":0,"texture":"#0","tintindex":0},"west":{"uv":[5.25,0.0,5.625,0.75],"rotation":0,"texture":"#0","tintindex":0},"up":{"uv":[7.03125,6.0625,6.6875,5.6875],"rotation":0,"texture":"#0","tintindex":0},"down":{"uv":[7.0625,6.375,6.71875,6.75],"rotation":0,"texture":"#0","tintindex":0}}}],"textures":{"0":"modelengine:entity/gm_galaxy_dragon"},"display":{"head":{"translation":[0.0,-6.4,0.0],"scale":[4.0,4.0,4.0]}}}