{"elements":[{"from":[4.1142855,-1.9085722,8.582857],"to":[11.885715,9.360001,13.634286],"rotation":{"angle":-45.0,"axis":"x","origin":[8.0,4.8914285,11.108572]},"faces":{"east":{"uv":[5.625,0.0,5.9375,0.71875],"rotation":0,"texture":"#0","tintindex":0},"south":{"uv":[4.8125,4.625,5.3125,5.34375],"rotation":0,"texture":"#0","tintindex":0},"north":{"uv":[4.8125,4.625,5.3125,5.34375],"rotation":0,"texture":"#0","tintindex":0},"west":{"uv":[5.625,0.71875,5.9375,1.4375],"rotation":0,"texture":"#0","tintindex":0},"up":{"uv":[6.6875,2.1875,6.1875,1.875],"rotation":0,"texture":"#0","tintindex":0},"down":{"uv":[6.6875,5.75,6.1875,6.0625],"rotation":0,"texture":"#0","tintindex":0}}}],"textures":{"0":"modelengine:entity/gm_galaxy_dragon"},"display":{"head":{"translation":[0.0,-6.4,0.0],"scale":[4.0,4.0,4.0]}}}