{"elements":[{"from":[4.5378284,8.17316,-3.295392],"to":[10.685029,12.210417,2.3544364],"rotation":{"angle":-22.5,"axis":"x","origin":[7.9261713,10.78436,4.730551]},"faces":{"east":{"uv":[2.3125,7.25,2.6875,7.5],"rotation":0,"texture":"#0","tintindex":0},"south":{"uv":[7.0625,7.0,7.46875,7.25],"rotation":0,"texture":"#0","tintindex":0},"north":{"uv":[6.96875,3.28125,7.375,3.53125],"rotation":0,"texture":"#0","tintindex":0},"west":{"uv":[7.25,3.96875,7.625,4.21875],"rotation":0,"texture":"#0","tintindex":0},"up":{"uv":[6.625,2.5625,6.21875,2.1875],"rotation":0,"texture":"#0","tintindex":0},"down":{"uv":[4.4375,6.21875,4.03125,6.59375],"rotation":0,"texture":"#0","tintindex":0}}},{"from":[4.9264,7.0074453,2.5331793],"to":[10.296457,12.210417,7.405865],"rotation":{"angle":-22.5,"axis":"x","origin":[7.9261713,10.78436,4.730551]},"faces":{"east":{"uv":[7.03125,5.71875,7.34375,6.0625],"rotation":0,"texture":"#0","tintindex":0},"south":{"uv":[6.9375,0.0,7.28125,0.34375],"rotation":0,"texture":"#0","tintindex":0},"north":{"uv":[2.40625,6.90625,2.75,7.25],"rotation":0,"texture":"#0","tintindex":0},"west":{"uv":[0.0,7.0625,0.3125,7.40625],"rotation":0,"texture":"#0","tintindex":0},"up":{"uv":[7.375,6.375,7.03125,6.0625],"rotation":0,"texture":"#0","tintindex":0},"down":{"uv":[2.0,7.0625,1.65625,7.375],"rotation":0,"texture":"#0","tintindex":0}}},{"from":[3.982171,7.617257,-1.2169151],"to":[11.314514,15.652914,9.402742],"rotation":{"angle":-45.0,"axis":"x","origin":[8.0,13.440001,2.5599995]},"faces":{"east":{"uv":[2.625,4.6875,3.5,5.21875],"rotation":0,"texture":"#0","tintindex":0},"south":{"uv":[1.5,5.34375,1.96875,5.875],"rotation":0,"texture":"#0","tintindex":0},"north":{"uv":[1.03125,5.34375,1.5,5.875],"rotation":0,"texture":"#0","tintindex":0},"west":{"uv":[4.8125,2.34375,5.6875,2.875],"rotation":0,"texture":"#0","tintindex":0},"up":{"uv":[5.28125,3.75,4.8125,2.875],"rotation":0,"texture":"#0","tintindex":0},"down":{"uv":[5.28125,3.75,4.8125,4.625],"rotation":0,"texture":"#0","tintindex":0}}},{"from":[7.6736,15.388685,-8.016914],"to":[7.7202287,25.3672,12.317029],"rotation":{"angle":-45.0,"axis":"x","origin":[11.691429,21.21143,2.5599995]},"faces":{"east":{"uv":[0.0,4.65625,1.3125,5.3125],"rotation":0,"texture":"#0","tintindex":0},"south":{"uv":[2.59375,7.5,2.625,8.15625],"rotation":0,"texture":"#0","tintindex":0},"north":{"uv":[4.90625,7.4375,4.9375,8.09375],"rotation":0,"texture":"#0","tintindex":0},"west":{"uv":[3.5,3.0,4.8125,3.65625],"rotation":0,"texture":"#0","tintindex":0},"up":{"uv":[5.53125,8.625,5.5,7.3125],"rotation":0,"texture":"#0","tintindex":0},"down":{"uv":[5.5625,7.3125,5.53125,8.625],"rotation":0,"texture":"#0","tintindex":0}}},{"from":[7.6736,14.902971,-8.988344],"to":[7.7202287,24.881487,11.3456],"rotation":{"angle":-45.0,"axis":"x","origin":[11.691429,20.725716,1.5885711]},"faces":{"east":{"uv":[0.0,4.6875,1.3125,5.34375],"rotation":0,"texture":"#0","tintindex":0},"south":{"uv":[5.75,7.53125,5.78125,8.1875],"rotation":0,"texture":"#0","tintindex":0},"north":{"uv":[5.46875,7.5,5.5,8.15625],"rotation":0,"texture":"#0","tintindex":0},"west":{"uv":[1.3125,4.6875,0.0,5.34375],"rotation":0,"texture":"#0","tintindex":0},"up":{"uv":[3.0,8.71875,2.96875,7.40625],"rotation":0,"texture":"#0","tintindex":0},"down":{"uv":[4.3125,7.40625,4.28125,8.71875],"rotation":0,"texture":"#0","tintindex":0}}},{"from":[7.6736,14.417257,3.1545143],"to":[7.7202287,24.395773,23.488457],"rotation":{"angle":0.0,"axis":"y","origin":[11.691429,20.725716,1.5885711]},"faces":{"east":{"uv":[0.0,4.6875,1.3125,5.34375],"rotation":0,"texture":"#0","tintindex":0},"south":{"uv":[5.75,7.53125,5.78125,8.1875],"rotation":0,"texture":"#0","tintindex":0},"north":{"uv":[5.46875,7.5,5.5,8.15625],"rotation":0,"texture":"#0","tintindex":0},"west":{"uv":[1.3125,4.6875,0.0,5.34375],"rotation":0,"texture":"#0","tintindex":0},"up":{"uv":[3.0,8.71875,2.96875,7.40625],"rotation":0,"texture":"#0","tintindex":0},"down":{"uv":[4.3125,7.40625,4.28125,8.71875],"rotation":0,"texture":"#0","tintindex":0}}},{"from":[14.4736,12.4744005,-2.0426292],"to":[14.520229,22.452915,17.319885],"rotation":{"angle":-45.0,"axis":"x","origin":[18.491428,18.297144,7.562857]},"faces":{"east":{"uv":[3.5,2.34375,4.8125,3.0],"rotation":0,"texture":"#0","tintindex":0},"south":{"uv":[2.59375,7.5,2.625,8.15625],"rotation":0,"texture":"#0","tintindex":0},"north":{"uv":[4.90625,7.4375,4.9375,8.09375],"rotation":0,"texture":"#0","tintindex":0},"west":{"uv":[4.8125,2.34375,3.5,3.0],"rotation":0,"texture":"#0","tintindex":0},"up":{"uv":[5.53125,8.625,5.5,7.3125],"rotation":0,"texture":"#0","tintindex":0},"down":{"uv":[5.5625,7.3125,5.53125,8.625],"rotation":0,"texture":"#0","tintindex":0}}},{"from":[1.3321137,12.4744005,-2.0426292],"to":[1.3787427,22.452915,17.319885],"rotation":{"angle":-45.0,"axis":"x","origin":[-2.6390867,18.297144,7.562857]},"faces":{"east":{"uv":[4.8125,4.3125,3.5,4.96875],"rotation":0,"texture":"#0","tintindex":0},"south":{"uv":[2.65625,7.5,2.6875,8.15625],"rotation":0,"texture":"#0","tintindex":0},"north":{"uv":[2.625,7.5,2.65625,8.15625],"rotation":0,"texture":"#0","tintindex":0},"west":{"uv":[3.5,4.3125,4.8125,4.96875],"rotation":0,"texture":"#0","tintindex":0},"up":{"uv":[2.28125,8.71875,2.25,7.40625],"rotation":0,"texture":"#0","tintindex":0},"down":{"uv":[2.3125,7.40625,2.28125,8.71875],"rotation":0,"texture":"#0","tintindex":0}}},{"from":[14.4736,9.547391,2.2157245],"to":[14.520229,19.525906,22.54967],"rotation":{"angle":-45.0,"axis":"x","origin":[7.9261713,14.536649,12.382697]},"faces":{"east":{"uv":[3.5,4.3125,4.8125,4.96875],"rotation":180,"texture":"#0","tintindex":0},"south":{"uv":[2.65625,7.5,2.6875,8.15625],"rotation":180,"texture":"#0","tintindex":0},"north":{"uv":[2.625,7.5,2.65625,8.15625],"rotation":180,"texture":"#0","tintindex":0},"west":{"uv":[4.8125,4.3125,3.5,4.96875],"rotation":180,"texture":"#0","tintindex":0},"up":{"uv":[2.3125,7.40625,2.28125,8.71875],"rotation":180,"texture":"#0","tintindex":0},"down":{"uv":[2.28125,8.71875,2.25,7.40625],"rotation":180,"texture":"#0","tintindex":0}}},{"from":[1.3321137,9.547391,2.2157245],"to":[1.3787427,19.525906,22.54967],"rotation":{"angle":-45.0,"axis":"x","origin":[7.9261713,14.536649,12.382697]},"faces":{"east":{"uv":[4.8125,2.34375,3.5,3.0],"rotation":180,"texture":"#0","tintindex":0},"south":{"uv":[2.59375,7.5,2.625,8.15625],"rotation":180,"texture":"#0","tintindex":0},"north":{"uv":[4.90625,7.4375,4.9375,8.09375],"rotation":180,"texture":"#0","tintindex":0},"west":{"uv":[3.5,2.34375,4.8125,3.0],"rotation":180,"texture":"#0","tintindex":0},"up":{"uv":[5.5625,7.3125,5.53125,8.625],"rotation":180,"texture":"#0","tintindex":0},"down":{"uv":[5.53125,8.625,5.5,7.3125],"rotation":180,"texture":"#0","tintindex":0}}},{"from":[0.14697123,6.451543,3.1545143],"to":[3.982171,13.3214855,12.802744],"rotation":{"angle":-22.5,"axis":"y","origin":[2.064571,9.886515,7.9786286]},"faces":{"east":{"uv":[2.625,4.6875,3.5,5.21875],"rotation":0,"texture":"#0","tintindex":0},"south":{"uv":[1.5,5.34375,1.96875,5.875],"rotation":0,"texture":"#0","tintindex":0},"north":{"uv":[1.03125,5.34375,1.5,5.875],"rotation":0,"texture":"#0","tintindex":0},"west":{"uv":[4.8125,2.34375,5.6875,2.875],"rotation":0,"texture":"#0","tintindex":0},"up":{"uv":[5.28125,3.75,4.8125,2.875],"rotation":0,"texture":"#0","tintindex":0},"down":{"uv":[5.28125,3.75,4.8125,4.625],"rotation":0,"texture":"#0","tintindex":0}}},{"from":[11.314514,6.451543,3.1545143],"to":[15.149714,13.3214855,12.802744],"rotation":{"angle":22.5,"axis":"y","origin":[13.232115,9.886515,7.9786286]},"faces":{"east":{"uv":[2.625,4.6875,3.5,5.21875],"rotation":0,"texture":"#0","tintindex":0},"south":{"uv":[1.5,5.34375,1.96875,5.875],"rotation":0,"texture":"#0","tintindex":0},"north":{"uv":[1.03125,5.34375,1.5,5.875],"rotation":0,"texture":"#0","tintindex":0},"west":{"uv":[4.8125,2.34375,5.6875,2.875],"rotation":0,"texture":"#0","tintindex":0},"up":{"uv":[5.28125,3.75,4.8125,2.875],"rotation":0,"texture":"#0",