{"elements":[{"from":[5.2799997,7.2267427,6.750743],"to":[10.72,12.666742,11.802172],"rotation":{"angle":0.0,"axis":"y","origin":[8.0,7.2267427,8.6936]},"faces":{"east":{"uv":[2.0,7.0625,2.3125,7.40625],"rotation":0,"texture":"#0","tintindex":0},"south":{"uv":[6.9375,0.6875,7.28125,1.03125],"rotation":0,"texture":"#0","tintindex":0},"north":{"uv":[6.9375,0.34375,7.28125,0.6875],"rotation":0,"texture":"#0","tintindex":0},"west":{"uv":[4.0,7.0625,4.3125,7.40625],"rotation":0,"texture":"#0","tintindex":0},"up":{"uv":[7.40625,6.6875,7.0625,6.375],"rotation":0,"texture":"#0","tintindex":0},"down":{"uv":[7.40625,6.6875,7.0625,7.0],"rotation":0,"texture":"#0","tintindex":0}}},{"from":[4.8525715,11.994514,4.6952],"to":[11.1474285,17.974628,11.3048],"rotation":{"angle":-22.5,"axis":"x","origin":[8.0,15.771429,8.0]},"faces":{"east":{"uv":[6.1875,4.5625,6.625,4.9375],"rotation":0,"texture":"#0","tintindex":0},"south":{"uv":[6.25,3.25,6.65625,3.625],"rotation":0,"texture":"#0","tintindex":0},"north":{"uv":[6.25,2.875,6.65625,3.25],"rotation":0,"texture":"#0","tintindex":0},"west":{"uv":[6.1875,4.9375,6.625,5.3125],"rotation":0,"texture":"#0","tintindex":0},"up":{"uv":[0.40625,6.53125,0.0,6.09375],"rotation":0,"texture":"#0","tintindex":0},"down":{"uv":[0.8125,6.09375,0.40625,6.53125],"rotation":0,"texture":"#0","tintindex":0}}}],"textures":{"0":"modelengine:entity/gm_galaxy_dragon"},"display":{"head":{"translation":[0.0,-6.4,0.0],"scale":[4.0,4.0,4.0]}}}