{"elements":[{"from":[1.8217139,-2.374858,5.6685715],"to":[9.515429,11.264,11.730286],"rotation":{"angle":0.0,"axis":"y","origin":[5.6685715,0.53942823,8.0]},"faces":{"east":{"uv":[1.9375,6.09375,2.25,6.65625],"rotation":0,"texture":"#0","tintindex":0},"south":{"uv":[5.90625,2.875,6.25,3.4375],"rotation":0,"texture":"#0","tintindex":0},"north":{"uv":[3.40625,5.875,3.75,6.4375],"rotation":0,"texture":"#0","tintindex":0},"west":{"uv":[2.25,6.09375,2.5625,6.65625],"rotation":0,"texture":"#0","tintindex":0},"up":{"uv":[7.3125,2.96875,6.96875,2.65625],"rotation":0,"texture":"#0","tintindex":0},"down":{"uv":[7.3125,2.96875,6.96875,3.28125],"rotation":0,"texture":"#0","tintindex":0}}},{"from":[2.7542853,-2.374858,3.8034286],"to":[9.049143,10.331429,5.6685715],"rotation":{"angle":0.0,"axis":"y","origin":[6.134857,0.53942823,6.134857]},"faces":{"east":{"uv":[2.15625,7.40625,2.25,7.9375],"rotation":0,"texture":"#0","tintindex":0},"south":{"uv":[6.34375,0.375,6.625,0.90625],"rotation":0,"texture":"#0","tintindex":0},"north":{"uv":[6.25,3.625,6.53125,4.15625],"rotation":0,"texture":"#0","tintindex":0},"west":{"uv":[2.875,7.40625,2.96875,7.9375],"rotation":0,"texture":"#0","tintindex":0},"up":{"uv":[5.53125,2.34375,5.25,2.25],"rotation":0,"texture":"#0","tintindex":0},"down":{"uv":[7.71875,2.09375,7.4375,2.1875],"rotation":0,"texture":"#0","tintindex":0}}},{"from":[2.7542853,-2.374858,11.730286],"to":[9.049143,10.331429,13.595428],"rotation":{"angle":0.0,"axis":"y","origin":[6.134857,0.53942823,14.061714]},"faces":{"east":{"uv":[0.625,7.4375,0.71875,7.96875],"rotation":0,"texture":"#0","tintindex":0},"south":{"uv":[2.84375,6.40625,3.125,6.9375],"rotation":0,"texture":"#0","tintindex":0},"north":{"uv":[2.5625,6.375,2.84375,6.90625],"rotation":0,"texture":"#0","tintindex":0},"west":{"uv":[0.71875,7.4375,0.8125,7.96875],"rotation":0,"texture":"#0","tintindex":0},"up":{"uv":[7.8125,3.15625,7.53125,3.0625],"rotation":0,"texture":"#0","tintindex":0},"down":{"uv":[7.84375,0.15625,7.5625,0.25],"rotation":0,"texture":"#0","tintindex":0}}},{"from":[8.349714,-2.374858,6.601143],"to":[10.448,10.331429,11.730286],"rotation":{"angle":0.0,"axis":"y","origin":[6.601143,0.53942823,8.0]},"faces":{"east":{"uv":[3.125,6.40625,3.40625,6.9375],"rotation":0,"texture":"#0","tintindex":0},"south":{"uv":[6.96875,7.4375,7.03125,7.96875],"rotation":0,"texture":"#0","tintindex":0},"north":{"uv":[4.84375,7.4375,4.90625,7.96875],"rotation":0,"texture":"#0","tintindex":0},"west":{"uv":[3.40625,6.4375,3.6875,6.96875],"rotation":0,"texture":"#0","tintindex":0},"up":{"uv":[3.46875,5.5,3.40625,5.21875],"rotation":0,"texture":"#0","tintindex":0},"down":{"uv":[2.59375,5.34375,2.53125,5.625],"rotation":0,"texture":"#0","tintindex":0}}}],"textures":{"0":"modelengine:entity/gm_galaxy_dragon"},"display":{"head":{"translation":[0.0,-6.4,0.0],"scale":[4.0,4.0,4.0]}}}