{"elements":[{"from":[6.0182858,-2.374858,5.6685715],"to":[13.712,11.264,11.730286],"rotation":{"angle":0.0,"axis":"y","origin":[9.865143,0.53942823,8.0]},"faces":{"east":{"uv":[5.25,6.125,5.5625,6.6875],"rotation":0,"texture":"#0","tintindex":0},"south":{"uv":[5.90625,4.0,6.25,4.5625],"rotation":0,"texture":"#0","tintindex":0},"north":{"uv":[5.90625,3.4375,6.25,4.0],"rotation":0,"texture":"#0","tintindex":0},"west":{"uv":[5.5625,6.125,5.875,6.6875],"rotation":0,"texture":"#0","tintindex":0},"up":{"uv":[5.5625,7.3125,5.21875,7.0],"rotation":0,"texture":"#0","tintindex":0},"down":{"uv":[1.3125,7.03125,0.96875,7.34375],"rotation":0,"texture":"#0","tintindex":0}}},{"from":[6.0182858,-2.374858,3.8034286],"to":[12.313143,10.331429,5.6685715],"rotation":{"angle":0.0,"axis":"y","origin":[9.398857,0.53942823,6.134857]},"faces":{"east":{"uv":[2.15625,7.40625,2.25,7.9375],"rotation":0,"texture":"#0","tintindex":0},"south":{"uv":[6.15625,6.4375,6.4375,6.96875],"rotation":0,"texture":"#0","tintindex":0},"north":{"uv":[5.875,6.4375,6.15625,6.96875],"rotation":0,"texture":"#0","tintindex":0},"west":{"uv":[2.875,7.40625,2.96875,7.9375],"rotation":0,"texture":"#0","tintindex":0},"up":{"uv":[7.84375,0.34375,7.5625,0.25],"rotation":0,"texture":"#0","tintindex":0},"down":{"uv":[7.84375,0.34375,7.5625,0.4375],"rotation":0,"texture":"#0","tintindex":0}}},{"from":[6.0182858,-2.374858,11.730286],"to":[12.313143,10.331429,13.595428],"rotation":{"angle":0.0,"axis":"y","origin":[9.398857,0.53942823,14.061714]},"faces":{"east":{"uv":[0.8125,7.4375,0.90625,7.96875],"rotation":0,"texture":"#0","tintindex":0},"south":{"uv":[0.0,6.53125,0.28125,7.0625],"rotation":0,"texture":"#0","tintindex":0},"north":{"uv":[6.4375,6.4375,6.71875,6.96875],"rotation":0,"texture":"#0","tintindex":0},"west":{"uv":[4.59375,7.4375,4.6875,7.96875],"rotation":0,"texture":"#0","tintindex":0},"up":{"uv":[7.84375,0.53125,7.5625,0.4375],"rotation":0,"texture":"#0","tintindex":0},"down":{"uv":[7.84375,0.53125,7.5625,0.625],"rotation":0,"texture":"#0","tintindex":0}}},{"from":[5.0857143,-2.374858,6.601143],"to":[7.184,10.331429,11.730286],"rotation":{"angle":0.0,"axis":"y","origin":[3.337143,0.53942823,8.0]},"faces":{"east":{"uv":[0.28125,6.53125,0.5625,7.0625],"rotation":0,"texture":"#0","tintindex":0},"south":{"uv":[2.53125,7.5,2.59375,8.03125],"rotation":0,"texture":"#0","tintindex":0},"north":{"uv":[2.46875,7.5,2.53125,8.03125],"rotation":0,"texture":"#0","tintindex":0},"west":{"uv":[6.53125,3.625,6.8125,4.15625],"rotation":0,"texture":"#0","tintindex":0},"up":{"uv":[4.75,5.78125,4.6875,5.5],"rotation":0,"texture":"#0","tintindex":0},"down":{"uv":[4.8125,5.5,4.75,5.78125],"rotation":0,"texture":"#0","tintindex":0}}}],"textures":{"0":"modelengine:entity/gm_galaxy_dragon"},"display":{"head":{"translation":[0.0,-6.4,0.0],"scale":[4.0,4.0,4.0]}}}