{"elements":[{"from":[5.6442857,0.89588404,3.4744458],"to":[10.307143,8.278742,8.525875],"rotation":{"angle":0.0,"axis":"y","origin":[7.975714,-0.6584015,5.417303]},"faces":{"east":{"uv":[6.625,2.1875,6.9375,2.65625],"rotation":0,"texture":"#0","tintindex":0},"south":{"uv":[6.625,4.15625,6.9375,4.625],"rotation":0,"texture":"#0","tintindex":0},"north":{"uv":[6.625,1.40625,6.9375,1.875],"rotation":0,"texture":"#0","tintindex":0},"west":{"uv":[6.625,4.625,6.9375,5.09375],"rotation":0,"texture":"#0","tintindex":0},"up":{"uv":[7.03125,7.4375,6.71875,7.125],"rotation":0,"texture":"#0","tintindex":0},"down":{"uv":[7.5,1.03125,7.1875,1.34375],"rotation":0,"texture":"#0","tintindex":0}}}],"textures":{"0":"modelengine:entity/gm_galaxy_dragon"},"display":{"head":{"translation":[0.0,-6.4,0.0],"scale":[4.0,4.0,4.0]}}}