{"elements":[{"from":[5.020952,-1.2940559,8.162626],"to":[11.238095,9.974516,13.214056],"rotation":{"angle":-45.0,"axis":"x","origin":[8.129524,5.5059443,10.688341]},"faces":{"east":{"uv":[4.0625,5.5,4.375,6.21875],"rotation":0,"texture":"#0","tintindex":0},"south":{"uv":[2.625,5.21875,3.03125,5.9375],"rotation":0,"texture":"#0","tintindex":0},"north":{"uv":[2.625,5.21875,3.03125,5.9375],"rotation":0,"texture":"#0","tintindex":0},"west":{"uv":[4.375,5.5,4.6875,6.21875],"rotation":0,"texture":"#0","tintindex":0},"up":{"uv":[7.21875,4.15625,6.8125,3.84375],"rotation":0,"texture":"#0","tintindex":0},"down":{"uv":[7.25,5.09375,6.84375,5.40625],"rotation":0,"texture":"#0","tintindex":0}}}],"textures":{"0":"modelengine:entity/gm_galaxy_dragon"},"display":{"head":{"translation":[0.0,-6.4,0.0],"scale":[4.0,4.0,4.0]}}}