{"elements":[{"from":[5.5260954,3.3206277,6.0147233],"to":[10.888381,9.1491995,17.671867],"rotation":{"angle":22.5,"axis":"x","origin":[1.6792378,6.234914,11.843295]},"faces":{"east":{"uv":[4.6875,5.8125,5.3125,6.125],"rotation":0,"texture":"#0","tintindex":0},"south":{"uv":[7.28125,0.0,7.5625,0.3125],"rotation":0,"texture":"#0","tintindex":0},"north":{"uv":[7.28125,0.3125,7.5625,0.625],"rotation":0,"texture":"#0","tintindex":0},"west":{"uv":[1.03125,5.875,1.65625,6.1875],"rotation":0,"texture":"#0","tintindex":0},"up":{"uv":[4.96875,6.75,4.6875,6.125],"rotation":0,"texture":"#0","tintindex":0},"down":{"uv":[1.09375,6.1875,0.8125,6.8125],"rotation":0,"texture":"#0","tintindex":0}}}],"textures":{"0":"modelengine:entity/gm_galaxy_dragon"},"display":{"head":{"translation":[0.0,-6.4,0.0],"scale":[4.0,4.0,4.0]}}}