{"elements":[{"from":[5.5260954,3.3206277,6.0147233],"to":[10.888381,9.1491995,17.671867],"rotation":{"angle":22.5,"axis":"x","origin":[14.735239,6.234914,11.843295]},"faces":{"east":{"uv":[5.6875,2.5625,6.3125,2.875],"rotation":0,"texture":"#0","tintindex":0},"south":{"uv":[7.28125,0.0,7.5625,0.3125],"rotation":0,"texture":"#0","tintindex":0},"north":{"uv":[7.03125,7.25,7.3125,7.5625],"rotation":0,"texture":"#0","tintindex":0},"west":{"uv":[1.96875,5.78125,2.59375,6.09375],"rotation":0,"texture":"#0","tintindex":0},"up":{"uv":[4.96875,6.75,4.6875,6.125],"rotation":0,"texture":"#0","tintindex":0},"down":{"uv":[5.25,6.125,4.96875,6.75],"rotation":0,"texture":"#0","tintindex":0}}}],"textures":{"0":"modelengine:entity/gm_galaxy_dragon"},"display":{"head":{"translation":[0.0,-6.4,0.0],"scale":[4.0,4.0,4.0]}}}