{"elements":[{"from":[5.692857,0.5073123,3.4744458],"to":[10.355715,7.89017,8.525875],"rotation":{"angle":0.0,"axis":"y","origin":[8.024285,-1.0469732,5.417303]},"faces":{"east":{"uv":[6.625,0.0,6.9375,0.46875],"rotation":0,"texture":"#0","tintindex":0},"south":{"uv":[6.625,0.46875,6.9375,0.9375],"rotation":0,"texture":"#0","tintindex":0},"north":{"uv":[4.3125,6.59375,4.625,7.0625],"rotation":0,"texture":"#0","tintindex":0},"west":{"uv":[6.625,0.9375,6.9375,1.40625],"rotation":0,"texture":"#0","tintindex":0},"up":{"uv":[7.4375,2.1875,7.125,1.875],"rotation":0,"texture":"#0","tintindex":0},"down":{"uv":[4.9375,7.125,4.625,7.4375],"rotation":0,"texture":"#0","tintindex":0}}}],"textures":{"0":"modelengine:entity/gm_galaxy_dragon"},"display":{"head":{"translation":[0.0,-6.4,0.0],"scale":[4.0,4.0,4.0]}}}