{"elements":[{"from":[5.862857,4.502857,8.971429],"to":[10.137143,9.165714,14.022858],"rotation":{"angle":-45.0,"axis":"x","origin":[8.194285,4.6971426,11.497143]},"faces":{"east":{"uv":[6.3125,2.5625,6.625,2.875],"rotation":0,"texture":"#0","tintindex":0},"south":{"uv":[7.25,4.21875,7.53125,4.53125],"rotation":0,"texture":"#0","tintindex":0},"north":{"uv":[7.25,4.21875,7.53125,4.53125],"rotation":0,"texture":"#0","tintindex":0},"west":{"uv":[4.3125,7.0625,4.625,7.375],"rotation":0,"texture":"#0","tintindex":0},"up":{"uv":[7.53125,4.84375,7.25,4.53125],"rotation":0,"texture":"#0","tintindex":0},"down":{"uv":[7.53125,4.84375,7.25,5.15625],"rotation":0,"texture":"#0","tintindex":0}}},{"from":[6.64,2.9485712,10.137143],"to":[9.360001,7.6114287,15.188572],"rotation":{"angle":22.5,"axis":"x","origin":[8.0,5.2799997,12.662857]},"faces":{"east":{"uv":[0.3125,7.125,0.625,7.4375],"rotation":0,"texture":"#0","tintindex":0},"south":{"uv":[7.40625,2.1875,7.59375,2.5],"rotation":0,"texture":"#0","tintindex":0},"north":{"uv":[1.96875,7.40625,2.15625,7.71875],"rotation":0,"texture":"#0","tintindex":0},"west":{"uv":[0.625,7.125,0.9375,7.4375],"rotation":0,"texture":"#0","tintindex":0},"up":{"uv":[2.875,7.71875,2.6875,7.40625],"rotation":0,"texture":"#0","tintindex":0},"down":{"uv":[2.875,7.40625,2.6875,7.71875],"rotation":0,"texture":"#0","tintindex":0}}}],"textures":{"0":"modelengine:entity/gm_galaxy_dragon"},"display":{"head":{"translation":[0.0,-6.4,0.0],"scale":[4.0,4.0,4.0]}}}