{"elements":[{"from":[6.662714,6.412857,5.3492856],"to":[9.349857,9.1,14.127143],"rotation":{"angle":0.0,"axis":"y","origin":[1.4765286,-16.472645,8.552143]},"faces":{"east":{"uv":[4.9375,5.9375,5.875,6.1875],"rotation":0,"texture":"#0","tintindex":0},"south":{"uv":[7.0625,5.9375,7.3125,6.1875],"rotation":0,"texture":"#0","tintindex":0},"north":{"uv":[5.875,5.9375,6.125,6.1875],"rotation":0,"texture":"#0","tintindex":0},"west":{"uv":[6.125,5.9375,7.0625,6.1875],"rotation":0,"texture":"#0","tintindex":0},"up":{"uv":[6.125,5.9375,5.875,5.0],"rotation":0,"texture":"#0","tintindex":0},"down":{"uv":[6.375,5.0,6.125,5.9375],"rotation":0,"texture":"#0","tintindex":0}}},{"from":[7.234143,4.698571,-9.507858],"to":[8.778429,10.242857,5.555714],"rotation":{"angle":0.0,"axis":"y","origin":[1.4765286,-16.472645,-4.5907154]},"faces":{"east":{"uv":[3.375,4.3125,5.0,4.875],"rotation":0,"texture":"#0","tintindex":0},"south":{"uv":[6.75,4.3125,6.875,4.875],"rotation":0,"texture":"#0","tintindex":0},"north":{"uv":[5.0,4.3125,5.125,4.875],"rotation":0,"texture":"#0","tintindex":0},"west":{"uv":[5.125,4.3125,6.75,4.875],"rotation":0,"texture":"#0","tintindex":0},"up":{"uv":[5.125,4.3125,5.0,2.6875],"rotation":0,"texture":"#0","tintindex":0},"down":{"uv":[5.25,2.6875,5.125,4.3125],"rotation":0,"texture":"#0","tintindex":0}}},{"from":[7.234143,5.2699995,-16.0],"to":[8.778429,9.671429,-9.507858],"rotation":{"angle":0.0,"axis":"y","origin":[8.006286,7.470714,-12.753929]},"faces":{"east":{"uv":[6.5625,8.625,7.25,9.0625],"rotation":0,"texture":"#0","tintindex":0},"south":{"uv":[8.0625,8.625,8.1875,9.0625],"rotation":0,"texture":"#0","tintindex":0},"north":{"uv":[7.25,8.625,7.375,9.0625],"rotation":0,"texture":"#0","tintindex":0},"west":{"uv":[7.375,8.625,8.0625,9.0625],"rotation":0,"texture":"#0","tintindex":0},"up":{"uv":[7.375,8.625,7.25,7.9375],"rotation":0,"texture":"#0","tintindex":0},"down":{"uv":[7.5,7.9375,7.375,8.625],"rotation":0,"texture":"#0","tintindex":0}}}],"textures":{"0":"modelengine:entity/darkguard_sword_gama05"},"display":{"head":{"translation":[0.0,-6.4,-7.438286],"scale":[4.0,4.0,4.0]}}}