{"elements":[{"from":[4.5515,0.52621365,5.9290714],"to":[8.582214,8.492643,10.070929],"rotation":{"angle":0.0,"axis":"y","origin":[13.239929,-23.753073,6.7012143]},"faces":{"east":{"uv":[4.875,6.75,5.4375,7.5625],"rotation":0,"texture":"#0","tintindex":0},"south":{"uv":[6.4375,6.75,6.875,7.5625],"rotation":0,"texture":"#0","tintindex":0},"north":{"uv":[5.4375,6.75,5.875,7.5625],"rotation":0,"texture":"#0","tintindex":0},"west":{"uv":[5.875,6.75,6.4375,7.5625],"rotation":0,"texture":"#0","tintindex":0},"up":{"uv":[5.875,6.75,5.4375,6.1875],"rotation":0,"texture":"#0","tintindex":0},"down":{"uv":[6.3125,6.1875,5.875,6.75],"rotation":0,"texture":"#0","tintindex":0}}},{"from":[4.050257,6.70973,4.6997857],"to":[7.3464003,10.280159,11.300215],"rotation":{"angle":0.0,"axis":"y","origin":[10.498329,7.6378016,8.0]},"faces":{"east":{"uv":[7.125,2.3125,7.8125,2.6875],"rotation":0,"texture":"#0","tintindex":0},"south":{"uv":[8.8125,2.3125,9.125,2.6875],"rotation":0,"texture":"#0","tintindex":0},"north":{"uv":[7.8125,2.3125,8.125,2.6875],"rotation":0,"texture":"#0","tintindex":0},"west":{"uv":[8.125,2.3125,8.8125,2.6875],"rotation":0,"texture":"#0","tintindex":0},"up":{"uv":[8.125,2.3125,7.8125,1.625],"rotation":0,"texture":"#0","tintindex":0},"down":{"uv":[8.4375,1.625,8.125,2.3125],"rotation":0,"texture":"#0","tintindex":0}}},{"from":[2.6788282,9.658301,5.3169284],"to":[5.9749713,11.857302,10.545929],"rotation":{"angle":-45.0,"axis":"z","origin":[4.3269,10.757802,7.9314284]},"faces":{"east":{"uv":[8.3125,1.25,8.875,1.4375],"rotation":0,"texture":"#0","tintindex":0},"south":{"uv":[9.75,1.25,10.0625,1.4375],"rotation":0,"texture":"#0","tintindex":0},"north":{"uv":[8.875,1.25,9.1875,1.4375],"rotation":0,"texture":"#0","tintindex":0},"west":{"uv":[9.1875,1.25,9.75,1.4375],"rotation":0,"texture":"#0","tintindex":0},"up":{"uv":[9.1875,1.25,8.875,0.6875],"rotation":0,"texture":"#0","tintindex":0},"down":{"uv":[9.5,0.6875,9.1875,1.25],"rotation":0,"texture":"#0","tintindex":0}}}],"textures":{"0":"modelengine:entity/darkguard_sword_gama05"},"display":{"head":{"translation":[0.0,-6.4,0.0],"scale":[4.0,4.0,4.0]}}}