{"elements":[{"from":[7.503774,0.5299854,5.9559426],"to":[11.534489,8.420986,10.0978],"rotation":{"angle":0.0,"axis":"y","origin":[2.8460598,-23.82473,6.7280855]},"faces":{"east":{"uv":[6.375,4.875,6.9375,5.6875],"rotation":0,"texture":"#0","tintindex":0},"south":{"uv":[7.9375,4.875,8.375,5.6875],"rotation":0,"texture":"#0","tintindex":0},"north":{"uv":[6.9375,4.875,7.375,5.6875],"rotation":0,"texture":"#0","tintindex":0},"west":{"uv":[7.375,4.875,7.9375,5.6875],"rotation":0,"texture":"#0","tintindex":0},"up":{"uv":[7.375,4.875,6.9375,4.3125],"rotation":0,"texture":"#0","tintindex":0},"down":{"uv":[7.8125,4.3125,7.375,4.875],"rotation":0,"texture":"#0","tintindex":0}}},{"from":[8.791785,6.3756614,4.726657],"to":[12.087929,9.946091,11.3270855],"rotation":{"angle":0.0,"axis":"y","origin":[4.9541426,7.303733,8.026872]},"faces":{"east":{"uv":[7.0625,3.4375,7.75,3.8125],"rotation":0,"texture":"#0","tintindex":0},"south":{"uv":[8.75,3.4375,9.0625,3.8125],"rotation":0,"texture":"#0","tintindex":0},"north":{"uv":[7.75,3.4375,8.0625,3.8125],"rotation":0,"texture":"#0","tintindex":0},"west":{"uv":[8.0625,3.4375,8.75,3.8125],"rotation":0,"texture":"#0","tintindex":0},"up":{"uv":[8.0625,3.4375,7.75,2.75],"rotation":0,"texture":"#0","tintindex":0},"down":{"uv":[8.375,2.75,8.0625,3.4375],"rotation":0,"texture":"#0","tintindex":0}}},{"from":[10.163214,9.324233,5.3438],"to":[13.459356,11.523233,10.5728],"rotation":{"angle":45.0,"axis":"z","origin":[11.811285,10.423733,7.9583]},"faces":{"east":{"uv":[8.3125,6.875,8.875,7.0625],"rotation":0,"texture":"#0","tintindex":0},"south":{"uv":[9.75,6.875,10.0625,7.0625],"rotation":0,"texture":"#0","tintindex":0},"north":{"uv":[8.875,6.875,9.1875,7.0625],"rotation":0,"texture":"#0","tintindex":0},"west":{"uv":[9.1875,6.875,9.75,7.0625],"rotation":0,"texture":"#0","tintindex":0},"up":{"uv":[9.1875,6.875,8.875,6.3125],"rotation":0,"texture":"#0","tintindex":0},"down":{"uv":[9.5,6.3125,9.1875,6.875],"rotation":0,"texture":"#0","tintindex":0}}}],"textures":{"0":"modelengine:entity/darkguard_sword_gama05"},"display":{"head":{"translation":[0.0,-6.4,0.0],"scale":[4.0,4.0,4.0]}}}