{"elements":[{"from":[5.0414286,7.1455736,5.217],"to":[10.958571,11.997003,11.100429],"rotation":{"angle":0.0,"axis":"y","origin":[7.622857,-16.143,6.621857]},"faces":{"east":{"uv":[5.25,2.9375,5.875,3.4375],"rotation":0,"texture":"#0","tintindex":0},"south":{"uv":[7.125,3.0,7.75,3.4375],"rotation":0,"texture":"#0","tintindex":0},"north":{"uv":[5.875,3.0,6.5,3.5],"rotation":0,"texture":"#0","tintindex":0},"west":{"uv":[6.5,2.9375,7.125,3.4375],"rotation":0,"texture":"#0","tintindex":0},"up":{"uv":[6.5,2.9375,5.875,2.3125],"rotation":0,"texture":"#0","tintindex":0},"down":{"uv":[7.125,2.3125,6.5,2.9375],"rotation":0,"texture":"#0","tintindex":0}}},{"from":[3.221714,5.184,3.9347138],"to":[6.609286,7.4515715,11.906571],"rotation":{"angle":-22.5,"axis":"z","origin":[8.0,4.809214,7.920643]},"faces":{"east":{"uv":[6.5,6.5,7.3125,6.6875],"rotation":0,"texture":"#0","tintindex":0},"south":{"uv":[8.4375,6.5,8.75,6.6875],"rotation":0,"texture":"#0","tintindex":0},"north":{"uv":[7.3125,6.5,7.625,6.6875],"rotation":0,"texture":"#0","tintindex":0},"west":{"uv":[7.625,6.5,8.4375,6.6875],"rotation":0,"texture":"#0","tintindex":0},"up":{"uv":[7.625,6.5,7.3125,5.6875],"rotation":0,"texture":"#0","tintindex":0},"down":{"uv":[7.9375,5.6875,7.625,6.5],"rotation":0,"texture":"#0","tintindex":0}}},{"from":[6.6045713,5.485714,3.5575714],"to":[9.324715,8.130428,6.3568573],"rotation":{"angle":0.0,"axis":"y","origin":[8.0,4.809214,7.920643]},"faces":{"east":{"uv":[0.25,0.25,0.5,0.5],"rotation":0,"texture":"#0","tintindex":0},"south":{"uv":[0.25,0.25,0.5,0.5],"rotation":0,"texture":"#0","tintindex":0},"north":{"uv":[0.25,0.25,0.5,0.5],"rotation":0,"texture":"#0","tintindex":0},"west":{"uv":[0.25,0.25,0.5,0.5],"rotation":0,"texture":"#0","tintindex":0},"up":{"uv":[0.5,0.5,0.25,0.25],"rotation":0,"texture":"#0","tintindex":0},"down":{"uv":[0.5,0.25,0.25,0.5],"rotation":0,"texture":"#0","tintindex":0}}},{"from":[9.390715,5.184,3.9347138],"to":[12.206858,7.4515715,11.906571],"rotation":{"angle":22.5,"axis":"z","origin":[8.0,4.809214,7.920643]},"faces":{"east":{"uv":[1.5625,7.75,2.375,7.9375],"rotation":0,"texture":"#0","tintindex":0},"south":{"uv":[3.4375,7.75,3.6875,7.9375],"rotation":0,"texture":"#0","tintindex":0},"north":{"uv":[2.375,7.75,2.625,7.9375],"rotation":0,"texture":"#0","tintindex":0},"west":{"uv":[2.625,7.75,3.4375,7.9375],"rotation":0,"texture":"#0","tintindex":0},"up":{"uv":[2.625,7.75,2.375,6.9375],"rotation":0,"texture":"#0","tintindex":0},"down":{"uv":[2.875,6.9375,2.625,7.75],"rotation":0,"texture":"#0","tintindex":0}}}],"textures":{"0":"modelengine:entity/darkguard_sword_gama05"},"display":{"head":{"translation":[0.0,-6.4,0.0],"scale":[4.0,4.0,4.0]}}}