{"elements":[{"from":[4.0499,8.010354,4.2794547],"to":[11.9501,16.023415,12.179655],"rotation":{"angle":0.0,"axis":"y","origin":[8.0,12.016885,8.229555]},"faces":{"east":{"uv":[0.0,5.125,0.8125,6.0],"rotation":0,"texture":"#0","tintindex":0},"south":{"uv":[2.4375,5.125,3.25,6.0],"rotation":0,"texture":"#0","tintindex":0},"north":{"uv":[0.8125,5.125,1.625,6.0],"rotation":0,"texture":"#0","tintindex":0},"west":{"uv":[1.625,5.125,2.4375,6.0],"rotation":0,"texture":"#0","tintindex":0},"up":{"uv":[1.625,5.125,0.8125,4.3125],"rotation":0,"texture":"#0","tintindex":0},"down":{"uv":[2.4375,4.3125,1.625,5.125],"rotation":0,"texture":"#0","tintindex":0}}},{"from":[3.9777713,9.026944,11.339569],"to":[12.060415,13.783187,13.762241],"rotation":{"angle":22.5,"axis":"x","origin":[8.019093,12.2875805,12.95822]},"faces":{"east":{"uv":[7.8125,4.0625,8.0625,4.5625],"rotation":0,"texture":"#0","tintindex":0},"south":{"uv":[9.1875,4.0625,10.0625,4.5625],"rotation":0,"texture":"#0","tintindex":0},"north":{"uv":[8.0625,4.0625,8.9375,4.5625],"rotation":0,"texture":"#0","tintindex":0},"west":{"uv":[8.9375,4.0625,9.1875,4.5625],"rotation":0,"texture":"#0","tintindex":0},"up":{"uv":[8.9375,4.0625,8.0625,3.8125],"rotation":0,"texture":"#0","tintindex":0},"down":{"uv":[9.8125,3.8125,8.9375,4.0625],"rotation":0,"texture":"#0","tintindex":0}}},{"from":[7.088272,19.040966,0.65763044],"to":[9.1290865,22.377779,5.2464733],"rotation":{"angle":45.0,"axis":"x","origin":[13.885715,18.4568,-0.7508049]},"faces":{"east":{"uv":[0.0,8.9375,0.5,9.25],"rotation":0,"texture":"#0","tintindex":0},"south":{"uv":[1.1875,8.9375,1.375,9.25],"rotation":0,"texture":"#0","tintindex":0},"north":{"uv":[0.5,8.9375,0.6875,9.25],"rotation":0,"texture":"#0","tintindex":0},"west":{"uv":[0.6875,8.9375,1.1875,9.25],"rotation":0,"texture":"#0","tintindex":0},"up":{"uv":[0.6875,8.9375,0.5,8.4375],"rotation":0,"texture":"#0","tintindex":0},"down":{"uv":[0.875,8.4375,0.6875,8.9375],"rotation":0,"texture":"#0","tintindex":0}}},{"from":[7.4585576,17.312965,1.2747736],"to":[8.697086,21.143494,3.8887591],"rotation":{"angle":-22.5,"axis":"x","origin":[13.854857,19.22823,2.334909]},"faces":{"east":{"uv":[0.0,0.75,0.25,1.125],"rotation":0,"texture":"#0","tintindex":0},"south":{"uv":[0.625,0.75,0.75,1.125],"rotation":0,"texture":"#0","tintindex":0},"north":{"uv":[0.25,0.75,0.375,1.125],"rotation":0,"texture":"#0","tintindex":0},"west":{"uv":[0.375,0.75,0.625,1.125],"rotation":0,"texture":"#0","tintindex":0},"up":{"uv":[0.375,0.75,0.25,0.5],"rotation":0,"texture":"#0","tintindex":0},"down":{"uv":[0.5,0.5,0.375,0.75],"rotation":0,"texture":"#0","tintindex":0}}},{"from":[5.3354855,13.778944,8.624141],"to":[10.7027,16.498615,11.72567],"rotation":{"angle":22.5,"axis":"x","origin":[8.019093,12.2875805,12.95822]},"faces":{"east":{"uv":[8.3125,0.3125,8.625,0.5625],"rotation":0,"texture":"#0","tintindex":0},"south":{"uv":[9.5,0.3125,10.0625,0.5625],"rotation":0,"texture":"#0","tintindex":0},"north":{"uv":[8.625,0.3125,9.1875,0.5625],"rotation":0,"texture":"#0","tintindex":0},"west":{"uv":[9.1875,0.3125,9.5,0.5625],"rotation":0,"texture":"#0","tintindex":0},"up":{"uv":[9.1875,0.3125,8.625,0.0],"rotation":0,"texture":"#0","tintindex":0},"down":{"uv":[9.75,0.0,9.1875,0.3125],"rotation":0,"texture":"#0","tintindex":0}}},{"from":[6.014343,15.136659,3.1932836],"to":[10.023843,17.177473,11.72567],"rotation":{"angle":0.0,"axis":"y","origin":[8.019093,12.2875805,12.95822]},"faces":{"east":{"uv":[3.25,5.75,4.125,5.9375],"rotation":0,"texture":"#0","tintindex":0},"south":{"uv":[5.4375,5.75,5.875,5.9375],"rotation":0,"texture":"#0","tintindex":0},"north":{"uv":[4.125,5.75,4.5625,5.9375],"rotation":0,"texture":"#0","tintindex":0},"west":{"uv":[4.5625,5.75,5.4375,5.9375],"rotation":0,"texture":"#0","tintindex":0},"up":{"uv":[4.5625,5.75,4.125,4.875],"rotation":0,"texture":"#0","tintindex":0},"down":{"uv":[5.0,4.875,4.5625,5.75],"rotation":0,"texture":"#0","tintindex":0}}},{"from":[2.687943,14.389915,3.3969402],"to":[7.4441857,16.716446,5.2765265],"rotation":{"angle":-22.5,"axis":"z","origin":[4.047778,15.410322,4.336734]},"faces":{"east":{"uv":[2.875,7.125,3.0625,7.375],"rotation":0,"texture":"#0","tintindex":0},"south":{"uv":[3.75,7.125,4.25,7.375],"rotation":0,"texture":"#0","tintindex":0},"north":{"uv":[3.0625,7.125,3.5625,7.375],"rotation":0,"texture":"#0","tintindex":0},"west":{"uv":[3.5625,7.125,3.75,7.375],"rotation":0,"texture":"#0","tintindex":0},"up":{"uv":[3.5625,7.125,3.0625,6.9375],"rotation":0,"texture":"#0","tintindex":0},"down":{"uv":[4.0625,6.9375,3.5625,7.125],"rotation":0,"texture":"#0","tintindex":0}}},{"from":[8.555814,14.389915,3.3969402],"to":[13.3120575,16.716446,5.2765265],"rotation":{"angle":22.5,"axis":"z","origin":[11.952221,15.410322,4.336734]},"faces":{"east":{"uv":[1.625,6.1875,1.8125,6.4375],"rotation":0,"texture":"#0","tintindex":0},"south":{"uv":[2.5,6.1875,3.0,6.4375],"rotation":0,"texture":"#0","tintindex":0},"north":{"uv":[1.8125,6.1875,2.3125,6.4375],"rotation":0,"texture":"#0","tintindex":0},"west":{"uv":[2.3125,6.1875,2.5,6.4375],"rotation":0,"texture":"#0","tintindex":0},"up":{"uv":[2.3125,6.1875,1.8125,6.0],"rotation":0,"texture":"#0","tintindex":0},"down":{"uv":[2.8125,6.0,2.3125,6.1875],"rotation":0,"texture":"#0","tintindex":0}}},{"from":[6.6932,12.42123,3.8721404],"to":[9.344986,15.140902,5.615955],"rotation":{"angle":0.0,"axis":"y","origin":[8.019093,12.2875805,12.95822]},"faces":{"east":{"uv":[2.4375,4.5,2.625,4.75],"rotation":0,"texture":"#0","tintindex":0},"south":{"uv":[3.0625,4.5,3.3125,4.75],"rotation":0,"texture":"#0","tintindex":0},"north":{"uv":[2.625,4.5,2.875,4.75],"rotation":0,"texture":"#0","tintindex":0},"west":{"uv":[2.875,4.5,3.0625,4.75],"rotation":0,"texture":"#0","tintindex":0},"up":{"uv":[2.875,4.5,2.625,4.3125],"rotation":0,"texture":"#0","tintindex":0},"down":{"uv":[3.125,4.3125,2.875,4.5],"rotation":0,"texture":"#0","tintindex":0}}},{"from":[7.310343,10.627273,3.8721404],"to":[8.727843,12.42123,5.615955],"rotation":{"angle":0.0,"axis":"y","origin":[8.019093,12.03648,12.95822]},"faces":{"east":{"uv":[0.0,4.5,0.1875,4.6875],"rotation":0,"texture":"#0","tintindex":0},"south":{"uv":[0.5,4.5,0.625,4.6875],"rotation":0,"texture":"#0","tintindex":0},"north":{"uv":[0.1875,4.5,0.3125,4.6875],"rotation":0,"texture":"#0","tintindex":0},"west":{"uv":[0.3125,4.5,0.5,4.6875],"rotation":0,"texture":"#0","tintindex":0},"up":{"uv":[0.3125,4.5,0.1875,4.3125],"rotation":0,"texture":"#0","tintindex":0},"down":{"uv":[0.4375,4.3125,0.3125,4.5],"rotation":0,"texture":"#0","tintindex":0}}},{"from":[11.271243,9.651566,5.621582],"to":[13.3120575,15.765524,11.57431],"rotation":{"angle":0.0,"axis":"y","origin":[8.0,14.066259,7.5796604]},"faces":{"east":{"uv":[7.9375,5.6875,8.5625,6.3125],"rotation":0,"texture":"#0","tintindex":0},"south":{"uv":[9.375,5.6875,9.5625,6.3125],"rotation":0,"texture":"#0","tintindex":0},"north":{"uv":[8.5625,5.6875,8.75,6.3125],"rotation":0,"texture":"#0","tintindex":0},"west":{"uv":[8.75,5.6875,9.375,6.3125],"rotation":0,"texture":"#0","tintindex":0},"up":{"uv":[8.75,5.6875,8.5625,5.0625],"rotation":0,"texture":"#0","tintindex":0},"down":{"uv":[8.9375,5.0625,8.75,5.6875],"rotation":0,"texture":"#0","tintindex":0}}},{"from":[2.687943,9.651566,5.621582],"to":[4.728757,15.765524,11.57431],"rotation":{"angle":0.0,"axis":"y","origin":[8.0,14.066259,7.5796604]},"faces":{"east":{"uv":[1.375,8.5625,2.0,9.1875],"rotation":0,"texture":"#0","tintindex":0},"south":{"uv":[2.8125,8.5625,3.0,9.1875],"rotation":0,"texture":"#0","tintindex":0},"north":{"uv":[2.0,8.5625,2.1875,9.1875],"rotation":0,"texture":"#0","tintindex":0},"west":{"uv":[2.1875,8.5625,2.8125,9.1875],"rotation":0,"texture":"#0","tintindex":0},"up":{"uv":[2.1875,8.5625,2.0,7.9375],"rotation":0,"texture":"#0","tintindex":0},"down":{"uv":[2.375,7.9375,2.1875,8.5625],"rotation":0,"texture":"#0","tintindex":0}}},{"from":[3.4223428,7.775839,4.2644243],"to":[12.615843,14.198368,8.415096],"rotation":{"angle":0.0,"axis":"y",