{"elements":[{"from":[5.9492855,5.5366073,6.8152437],"to":[11.691286,8.459465,10.992101],"rotation":{"angle":-22.5,"axis":"x","origin":[11.818571,4.454857,8.113143]},"faces":{"east":{"uv":[5.125,8.0,5.5625,8.3125],"rotation":0,"texture":"#0","tintindex":0},"south":{"uv":[6.625,8.0,7.25,8.3125],"rotation":0,"texture":"#0","tintindex":0},"north":{"uv":[5.5625,8.0,6.1875,8.3125],"rotation":0,"texture":"#0","tintindex":0},"west":{"uv":[6.1875,8.0,6.625,8.3125],"rotation":0,"texture":"#0","tintindex":0},"up":{"uv":[6.1875,8.0,5.5625,7.5625],"rotation":0,"texture":"#0","tintindex":0},"down":{"uv":[6.8125,7.5625,6.1875,8.0],"rotation":0,"texture":"#0","tintindex":0}}},{"from":[6.5527143,2.7998276,5.7818356],"to":[11.012428,6.682685,9.958693],"rotation":{"angle":0.0,"axis":"y","origin":[10.630571,5.2212563,7.8702645]},"faces":{"east":{"uv":[4.6875,8.75,5.125,9.125],"rotation":0,"texture":"#0","tintindex":0},"south":{"uv":[6.0,8.75,6.4375,9.125],"rotation":0,"texture":"#0","tintindex":0},"north":{"uv":[5.125,8.75,5.5625,9.125],"rotation":0,"texture":"#0","tintindex":0},"west":{"uv":[5.5625,8.75,6.0,9.125],"rotation":0,"texture":"#0","tintindex":0},"up":{"uv":[5.5625,8.75,5.125,8.3125],"rotation":0,"texture":"#0","tintindex":0},"down":{"uv":[6.0,8.3125,5.5625,8.75],"rotation":0,"texture":"#0","tintindex":0}}}],"textures":{"0":"modelengine:entity/darkguard_sword_gama05"},"display":{"head":{"translation":[0.0,-6.4,0.0],"scale":[4.0,4.0,4.0]}}}