{"elements":[{"from":[5.166714,5.5366073,6.8152437],"to":[10.908714,8.459465,10.992101],"rotation":{"angle":-22.5,"axis":"x","origin":[11.036,4.454857,8.113143]},"faces":{"east":{"uv":[5.25,3.875,5.6875,4.1875],"rotation":0,"texture":"#0","tintindex":0},"south":{"uv":[6.75,3.875,7.375,4.1875],"rotation":0,"texture":"#0","tintindex":0},"north":{"uv":[5.6875,3.875,6.3125,4.1875],"rotation":0,"texture":"#0","tintindex":0},"west":{"uv":[6.3125,3.875,6.75,4.1875],"rotation":0,"texture":"#0","tintindex":0},"up":{"uv":[6.3125,3.875,5.6875,3.4375],"rotation":0,"texture":"#0","tintindex":0},"down":{"uv":[6.9375,3.4375,6.3125,3.875],"rotation":0,"texture":"#0","tintindex":0}}},{"from":[5.7701426,2.7998276,5.7818356],"to":[10.229857,6.682685,9.958693],"rotation":{"angle":0.0,"axis":"y","origin":[6.152,5.2212563,7.8702645]},"faces":{"east":{"uv":[8.1875,8.375,8.625,8.75],"rotation":0,"texture":"#0","tintindex":0},"south":{"uv":[9.5,8.375,9.9375,8.75],"rotation":0,"texture":"#0","tintindex":0},"north":{"uv":[8.625,8.375,9.0625,8.75],"rotation":0,"texture":"#0","tintindex":0},"west":{"uv":[9.0625,8.375,9.5,8.75],"rotation":0,"texture":"#0","tintindex":0},"up":{"uv":[9.0625,8.375,8.625,7.9375],"rotation":0,"texture":"#0","tintindex":0},"down":{"uv":[9.5,7.9375,9.0625,8.375],"rotation":0,"texture":"#0","tintindex":0}}}],"textures":{"0":"modelengine:entity/darkguard_sword_gama05"},"display":{"head":{"translation":[0.0,-6.4,0.0],"scale":[4.0,4.0,4.0]}}}