{"elements":[{"from":[5.833786,1.2343564,4.8684998],"to":[10.015358,7.875071,10.379499],"rotation":{"angle":0.0,"axis":"y","origin":[7.9245715,4.5547132,7.6239996]},"faces":{"east":{"uv":[6.875,0.5625,7.4375,1.25],"rotation":180,"texture":"#0","tintindex":0},"south":{"uv":[7.4375,0.5625,7.875,1.25],"rotation":180,"texture":"#0","tintindex":0},"north":{"uv":[8.4375,0.5625,8.875,1.25],"rotation":180,"texture":"#0","tintindex":0},"west":{"uv":[7.875,0.5625,8.4375,1.25],"rotation":180,"texture":"#0","tintindex":0},"up":{"uv":[8.3125,0.0,7.875,0.5625],"rotation":0,"texture":"#0","tintindex":0},"down":{"uv":[7.875,0.5625,7.4375,0.0],"rotation":0,"texture":"#0","tintindex":0}}}],"textures":{"0":"modelengine:entity/darkguard_sword_gama05"},"display":{"head":{"translation":[0.0,-6.4,0.0],"scale":[4.0,4.0,4.0]}}}