{"elements":[{"from":[5.6676073,4.9938927,7.3336787],"to":[10.198036,9.730036,12.665536],"rotation":{"angle":0.0,"axis":"y","origin":[10.457321,-24.729683,8.51225]},"faces":{"east":{"uv":[3.125,7.9375,3.6875,8.4375],"rotation":0,"texture":"#0","tintindex":0},"south":{"uv":[4.6875,7.9375,5.125,8.4375],"rotation":0,"texture":"#0","tintindex":0},"north":{"uv":[3.6875,7.9375,4.125,8.4375],"rotation":0,"texture":"#0","tintindex":0},"west":{"uv":[4.125,7.9375,4.6875,8.4375],"rotation":0,"texture":"#0","tintindex":0},"up":{"uv":[4.125,7.9375,3.6875,7.375],"rotation":0,"texture":"#0","tintindex":0},"down":{"uv":[4.5625,7.375,4.125,7.9375],"rotation":0,"texture":"#0","tintindex":0}}},{"from":[5.9787498,2.4246073,5.2688212],"to":[10.155607,5.0457497,12.217679],"rotation":{"angle":0.0,"axis":"y","origin":[9.703035,-11.906822,7.154536]},"faces":{"east":{"uv":[2.5,6.6875,3.25,6.9375],"rotation":0,"texture":"#0","tintindex":0},"south":{"uv":[4.4375,6.6875,4.875,6.9375],"rotation":0,"texture":"#0","tintindex":0},"north":{"uv":[3.25,6.6875,3.6875,6.9375],"rotation":0,"texture":"#0","tintindex":0},"west":{"uv":[3.6875,6.6875,4.4375,6.9375],"rotation":0,"texture":"#0","tintindex":0},"up":{"uv":[3.6875,6.6875,3.25,5.9375],"rotation":0,"texture":"#0","tintindex":0},"down":{"uv":[4.125,5.9375,3.6875,6.6875],"rotation":0,"texture":"#0","tintindex":0}}}],"textures":{"0":"modelengine:entity/darkguard_sword_gama05"},"display":{"head":{"translation":[0.0,-6.4,0.0],"scale":[4.0,4.0,4.0]}}}