{"elements":[{"from":[5.76425,4.9938927,7.3336787],"to":[10.294679,9.730036,12.665536],"rotation":{"angle":0.0,"axis":"y","origin":[1.7335353,-24.729683,8.51225]},"faces":{"east":{"uv":[0.0,7.9375,0.5625,8.4375],"rotation":0,"texture":"#0","tintindex":0},"south":{"uv":[1.5625,7.9375,2.0,8.4375],"rotation":0,"texture":"#0","tintindex":0},"north":{"uv":[0.5625,7.9375,1.0,8.4375],"rotation":0,"texture":"#0","tintindex":0},"west":{"uv":[1.0,7.9375,1.5625,8.4375],"rotation":0,"texture":"#0","tintindex":0},"up":{"uv":[1.0,7.9375,0.5625,7.375],"rotation":0,"texture":"#0","tintindex":0},"down":{"uv":[1.4375,7.375,1.0,7.9375],"rotation":0,"texture":"#0","tintindex":0}}},{"from":[5.9575357,2.4246073,5.2688212],"to":[9.983536,5.0457497,12.217679],"rotation":{"angle":0.0,"axis":"y","origin":[5.504964,-11.906822,7.154536]},"faces":{"east":{"uv":[0.0,6.75,0.75,7.0],"rotation":0,"texture":"#0","tintindex":0},"south":{"uv":[1.9375,6.75,2.375,7.0],"rotation":0,"texture":"#0","tintindex":0},"north":{"uv":[0.75,6.75,1.1875,7.0],"rotation":0,"texture":"#0","tintindex":0},"west":{"uv":[1.1875,6.75,1.9375,7.0],"rotation":0,"texture":"#0","tintindex":0},"up":{"uv":[1.1875,6.75,0.75,6.0],"rotation":0,"texture":"#0","tintindex":0},"down":{"uv":[1.625,6.0,1.1875,6.75],"rotation":0,"texture":"#0","tintindex":0}}}],"textures":{"0":"modelengine:entity/darkguard_sword_gama05"},"display":{"head":{"translation":[0.0,-6.4,0.0],"scale":[4.0,4.0,4.0]}}}