{"elements":[{"from":[5.984643,1.3539295,5.2833567],"to":[10.166214,7.994644,10.794357],"rotation":{"angle":0.0,"axis":"y","origin":[8.075429,4.674287,8.038857]},"faces":{"east":{"uv":[6.875,7.25,7.4375,7.9375],"rotation":180,"texture":"#0","tintindex":0},"south":{"uv":[7.4375,7.25,7.875,7.9375],"rotation":180,"texture":"#0","tintindex":0},"north":{"uv":[8.4375,7.25,8.875,7.9375],"rotation":180,"texture":"#0","tintindex":0},"west":{"uv":[7.875,7.25,8.4375,7.9375],"rotation":180,"texture":"#0","tintindex":0},"up":{"uv":[8.3125,6.6875,7.875,7.25],"rotation":0,"texture":"#0","tintindex":0},"down":{"uv":[7.875,7.25,7.4375,6.6875],"rotation":0,"texture":"#0","tintindex":0}}}],"textures":{"0":"modelengine:entity/darkguard_sword_gama05"},"display":{"head":{"translation":[0.0,-6.4,0.0],"scale":[4.0,4.0,4.0]}}}