{"elements":[{"from":[6.775814,5.936714,2.1366286],"to":[9.754814,9.43,13.547843],"rotation":{"angle":0.0,"axis":"y","origin":[-0.48051357,-23.814438,6.3003426]},"faces":{"east":{"uv":[3.5,0.5625,4.75,0.9375],"rotation":0,"texture":"#0","tintindex":0},"south":{"uv":[7.5625,7.3125,7.875,7.6875],"rotation":0,"texture":"#0","tintindex":0},"north":{"uv":[7.5625,5.3125,7.875,5.6875],"rotation":0,"texture":"#0","tintindex":0},"west":{"uv":[3.5,0.9375,4.75,1.3125],"rotation":0,"texture":"#0","tintindex":0},"up":{"uv":[5.25,5.3125,4.9375,4.0625],"rotation":0,"texture":"#0","tintindex":0},"down":{"uv":[3.625,5.0,3.3125,6.25],"rotation":0,"texture":"#0","tintindex":0}}},{"from":[7.5186715,9.409369,-9.378729],"to":[9.011957,12.159798,4.261058],"rotation":{"angle":22.5,"axis":"x","origin":[8.008171,13.013155,-5.530264]},"faces":{"east":{"uv":[3.8125,0.0,5.3125,0.3125],"rotation":0,"texture":"#0","tintindex":0},"south":{"uv":[1.6875,5.125,1.875,5.4375],"rotation":0,"texture":"#0","tintindex":0},"north":{"uv":[3.3125,4.4375,3.5,4.75],"rotation":0,"texture":"#0","tintindex":0},"west":{"uv":[0.0,3.875,1.5,4.1875],"rotation":0,"texture":"#0","tintindex":0},"up":{"uv":[5.125,6.8125,4.9375,5.3125],"rotation":0,"texture":"#0","tintindex":0},"down":{"uv":[4.1875,5.75,4.0,7.25],"rotation":0,"texture":"#0","tintindex":0}}},{"from":[7.5186715,9.409369,11.423414],"to":[9.011957,12.159798,25.0632],"rotation":{"angle":-22.5,"axis":"x","origin":[8.008171,13.013155,21.214737]},"faces":{"east":{"uv":[3.875,2.5,5.375,2.8125],"rotation":0,"texture":"#0","tintindex":0},"south":{"uv":[3.4375,7.75,3.625,8.0625],"rotation":0,"texture":"#0","tintindex":0},"north":{"uv":[1.8125,7.6875,2.0,8.0],"rotation":0,"texture":"#0","tintindex":0},"west":{"uv":[3.875,2.8125,5.375,3.125],"rotation":0,"texture":"#0","tintindex":0},"up":{"uv":[0.1875,7.3125,0.0,5.8125],"rotation":0,"texture":"#0","tintindex":0},"down":{"uv":[0.375,5.8125,0.1875,7.3125],"rotation":0,"texture":"#0","tintindex":0}}},{"from":[7.787243,13.866512,-5.664442],"to":[8.737672,16.616941,5.746772],"rotation":{"angle":45.0,"axis":"x","origin":[8.008171,17.470299,-5.530264]},"faces":{"east":{"uv":[0.4375,5.125,1.6875,5.4375],"rotation":0,"texture":"#0","tintindex":0},"south":{"uv":[5.125,5.625,5.25,5.9375],"rotation":0,"texture":"#0","tintindex":0},"north":{"uv":[5.125,5.3125,5.25,5.625],"rotation":0,"texture":"#0","tintindex":0},"west":{"uv":[5.125,1.25,6.375,1.5625],"rotation":0,"texture":"#0","tintindex":0},"up":{"uv":[2.875,8.125,2.75,6.875],"rotation":0,"texture":"#0","tintindex":0},"down":{"uv":[4.0,7.25,3.875,8.5],"rotation":0,"texture":"#0","tintindex":0}}},{"from":[7.787243,13.866512,9.9377],"to":[8.737672,16.616941,21.348915],"rotation":{"angle":-45.0,"axis":"x","origin":[8.008171,17.470299,21.214737]},"faces":{"east":{"uv":[5.125,1.5625,6.375,1.875],"rotation":0,"texture":"#0","tintindex":0},"south":{"uv":[4.1875,5.75,4.3125,6.0625],"rotation":0,"texture":"#0","tintindex":0},"north":{"uv":[2.1875,5.75,2.3125,6.0625],"rotation":0,"texture":"#0","tintindex":0},"west":{"uv":[5.125,1.875,6.375,2.1875],"rotation":0,"texture":"#0","tintindex":0},"up":{"uv":[4.125,8.5,4.0,7.25],"rotation":0,"texture":"#0","tintindex":0},"down":{"uv":[0.125,7.3125,0.0,8.5625],"rotation":0,"texture":"#0","tintindex":0}}}],"textures":{"0":"modelengine:entity/darkguard_archer_gama05"},"display":{"head":{"translation":[0.0,-6.4,0.0],"scale":[4.0,4.0,4.0]}}}