{"elements":[{"from":[7.667643,9.911647,-5.5066786],"to":[8.618072,12.662076,5.9045362],"rotation":{"angle":45.0,"axis":"x","origin":[7.8885713,13.515432,-5.3725004]},"faces":{"east":{"uv":[5.1875,0.625,6.4375,0.9375],"rotation":0,"texture":"#0","tintindex":0},"south":{"uv":[0.6875,6.375,0.8125,6.6875],"rotation":0,"texture":"#0","tintindex":0},"north":{"uv":[4.8125,6.1875,4.9375,6.5],"rotation":0,"texture":"#0","tintindex":0},"west":{"uv":[5.1875,0.9375,6.4375,1.25],"rotation":0,"texture":"#0","tintindex":0},"up":{"uv":[5.25,8.5625,5.125,7.3125],"rotation":0,"texture":"#0","tintindex":0},"down":{"uv":[5.375,7.3125,5.25,8.5625],"rotation":0,"texture":"#0","tintindex":0}}},{"from":[7.667643,9.911647,10.095464],"to":[8.618072,12.662076,21.50668],"rotation":{"angle":-45.0,"axis":"x","origin":[7.8885713,13.515432,21.372501]},"faces":{"east":{"uv":[5.125,2.1875,6.375,2.5],"rotation":0,"texture":"#0","tintindex":0},"south":{"uv":[2.8125,6.1875,2.9375,6.5],"rotation":0,"texture":"#0","tintindex":0},"north":{"uv":[1.6875,6.125,1.8125,6.4375],"rotation":0,"texture":"#0","tintindex":0},"west":{"uv":[5.1875,0.3125,6.4375,0.625],"rotation":0,"texture":"#0","tintindex":0},"up":{"uv":[0.25,8.5625,0.125,7.3125],"rotation":0,"texture":"#0","tintindex":0},"down":{"uv":[0.375,7.3125,0.25,8.5625],"rotation":0,"texture":"#0","tintindex":0}}}],"textures":{"0":"modelengine:entity/darkguard_archer_gama05"},"display":{"head":{"translation":[0.0,-6.4,0.0],"scale":[4.0,4.0,4.0]}}}