{"elements":[{"from":[4.5515,1.0976424,6.5004997],"to":[8.582214,6.778357,9.4995],"rotation":{"angle":0.0,"axis":"y","origin":[13.239929,-23.753073,6.7012143]},"faces":{"east":{"uv":[0.6875,6.75,1.0,7.375],"rotation":0,"texture":"#0","tintindex":0},"south":{"uv":[6.0,5.5,6.4375,6.125],"rotation":0,"texture":"#0","tintindex":0},"north":{"uv":[6.0,4.875,6.4375,5.5],"rotation":0,"texture":"#0","tintindex":0},"west":{"uv":[1.0,6.75,1.3125,7.375],"rotation":0,"texture":"#0","tintindex":0},"up":{"uv":[7.3125,2.25,6.875,1.9375],"rotation":0,"texture":"#0","tintindex":0},"down":{"uv":[7.8125,2.4375,7.375,2.75],"rotation":0,"texture":"#0","tintindex":0}}},{"from":[4.050257,5.5668726,4.6997857],"to":[7.3464003,9.137301,11.300215],"rotation":{"angle":0.0,"axis":"y","origin":[10.498329,6.4949446,8.0]},"faces":{"east":{"uv":[5.8125,3.0,6.5625,3.375],"rotation":0,"texture":"#0","tintindex":0},"south":{"uv":[7.25,4.625,7.625,5.0],"rotation":0,"texture":"#0","tintindex":0},"north":{"uv":[7.1875,5.5,7.5625,5.875],"rotation":0,"texture":"#0","tintindex":0},"west":{"uv":[5.875,3.375,6.625,3.75],"rotation":0,"texture":"#0","tintindex":0},"up":{"uv":[2.1875,6.5,1.8125,5.75],"rotation":0,"texture":"#0","tintindex":0},"down":{"uv":[4.0,5.75,3.625,6.5],"rotation":0,"texture":"#0","tintindex":0}}},{"from":[3.8216858,7.7725873,7.3169284],"to":[5.9749713,9.971587,12.545929],"rotation":{"angle":-22.5,"axis":"x","origin":[11.174599,8.740882,9.931429]},"faces":{"east":{"uv":[7.0625,0.0,7.625,0.25],"rotation":0,"texture":"#0","tintindex":0},"south":{"uv":[6.1875,7.75,6.4375,8.0],"rotation":0,"texture":"#0","tintindex":0},"north":{"uv":[2.5,7.5625,2.75,7.8125],"rotation":0,"texture":"#0","tintindex":0},"west":{"uv":[7.3125,2.8125,7.875,3.0625],"rotation":0,"texture":"#0","tintindex":0},"up":{"uv":[0.875,7.9375,0.625,7.375],"rotation":0,"texture":"#0","tintindex":0},"down":{"uv":[1.125,7.375,0.875,7.9375],"rotation":0,"texture":"#0","tintindex":0}}}],"textures":{"0":"modelengine:entity/darkguard_archer_gama05"},"display":{"head":{"translation":[0.0,-6.4,0.0],"scale":[4.0,4.0,4.0]}}}