{"elements":[{"from":[7.503774,1.1014137,6.5273714],"to":[11.534489,6.7067,9.526371],"rotation":{"angle":0.0,"axis":"y","origin":[2.8460598,-23.82473,6.7280855]},"faces":{"east":{"uv":[1.3125,6.75,1.625,7.375],"rotation":0,"texture":"#0","tintindex":0},"south":{"uv":[1.25,6.125,1.6875,6.75],"rotation":0,"texture":"#0","tintindex":0},"north":{"uv":[0.8125,6.125,1.25,6.75],"rotation":0,"texture":"#0","tintindex":0},"west":{"uv":[2.875,6.75,3.1875,7.375],"rotation":0,"texture":"#0","tintindex":0},"up":{"uv":[7.5625,7.6875,7.125,7.375],"rotation":0,"texture":"#0","tintindex":0},"down":{"uv":[7.875,3.9375,7.4375,4.25],"rotation":0,"texture":"#0","tintindex":0}}},{"from":[8.791785,5.2328043,4.726657],"to":[12.087929,8.803233,11.3270855],"rotation":{"angle":0.0,"axis":"y","origin":[4.9541426,6.160876,8.026872]},"faces":{"east":{"uv":[5.875,3.75,6.625,4.125],"rotation":0,"texture":"#0","tintindex":0},"south":{"uv":[1.125,7.375,1.5,7.75],"rotation":0,"texture":"#0","tintindex":0},"north":{"uv":[7.375,0.25,7.75,0.625],"rotation":0,"texture":"#0","tintindex":0},"west":{"uv":[6.0,2.5,6.75,2.875],"rotation":0,"texture":"#0","tintindex":0},"up":{"uv":[3.3125,6.75,2.9375,6.0],"rotation":0,"texture":"#0","tintindex":0},"down":{"uv":[6.375,4.125,6.0,4.875],"rotation":0,"texture":"#0","tintindex":0}}},{"from":[10.163214,7.4385185,7.3438],"to":[12.3165,9.637519,12.572801],"rotation":{"angle":-22.5,"axis":"x","origin":[4.963587,8.669225,9.9583]},"faces":{"east":{"uv":[7.3125,3.6875,7.875,3.9375],"rotation":0,"texture":"#0","tintindex":0},"south":{"uv":[4.4375,7.8125,4.6875,8.0625],"rotation":0,"texture":"#0","tintindex":0},"north":{"uv":[2.5,7.8125,2.75,8.0625],"rotation":0,"texture":"#0","tintindex":0},"west":{"uv":[7.3125,5.875,7.875,6.125],"rotation":0,"texture":"#0","tintindex":0},"up":{"uv":[7.625,1.6875,7.375,1.125],"rotation":0,"texture":"#0","tintindex":0},"down":{"uv":[3.125,7.375,2.875,7.9375],"rotation":0,"texture":"#0","tintindex":0}}}],"textures":{"0":"modelengine:entity/darkguard_archer_gama05"},"display":{"head":{"translation":[0.0,-6.4,0.0],"scale":[4.0,4.0,4.0]}}}