{"elements":[{"from":[5.0414286,7.1455736,5.217],"to":[10.958571,11.997003,11.100429],"rotation":{"angle":0.0,"axis":"y","origin":[7.622857,-16.143,6.621857]},"faces":{"east":{"uv":[5.375,2.5,6.0,3.0],"rotation":0,"texture":"#0","tintindex":0},"south":{"uv":[2.3125,5.6875,2.9375,6.1875],"rotation":0,"texture":"#0","tintindex":0},"north":{"uv":[4.0625,2.0,4.6875,2.5],"rotation":0,"texture":"#0","tintindex":0},"west":{"uv":[4.3125,5.6875,4.9375,6.1875],"rotation":0,"texture":"#0","tintindex":0},"up":{"uv":[2.9375,5.6875,2.3125,5.0625],"rotation":0,"texture":"#0","tintindex":0},"down":{"uv":[4.9375,5.0625,4.3125,5.6875],"rotation":0,"texture":"#0","tintindex":0}}},{"from":[3.221714,5.184,3.9347138],"to":[6.609286,7.4515715,11.906571],"rotation":{"angle":-22.5,"axis":"z","origin":[8.0,4.809214,7.920643]},"faces":{"east":{"uv":[6.625,3.1875,7.5,3.4375],"rotation":0,"texture":"#0","tintindex":0},"south":{"uv":[7.8125,2.4375,8.1875,2.6875],"rotation":0,"texture":"#0","tintindex":0},"north":{"uv":[7.75,7.6875,8.125,7.9375],"rotation":0,"texture":"#0","tintindex":0},"west":{"uv":[6.625,3.4375,7.5,3.6875],"rotation":0,"texture":"#0","tintindex":0},"up":{"uv":[6.0,5.125,5.625,4.25],"rotation":0,"texture":"#0","tintindex":0},"down":{"uv":[6.0,5.125,5.625,6.0],"rotation":0,"texture":"#0","tintindex":0}}},{"from":[6.6045713,5.485714,3.5575714],"to":[9.324715,8.130428,6.3568573],"rotation":{"angle":0.0,"axis":"y","origin":[8.0,4.809214,7.920643]},"faces":{"east":{"uv":[7.125,7.6875,7.4375,8.0],"rotation":0,"texture":"#0","tintindex":0},"south":{"uv":[7.4375,7.6875,7.75,8.0],"rotation":0,"texture":"#0","tintindex":0},"north":{"uv":[7.6875,7.0,8.0,7.3125],"rotation":0,"texture":"#0","tintindex":0},"west":{"uv":[7.75,0.25,8.0625,0.5625],"rotation":0,"texture":"#0","tintindex":0},"up":{"uv":[1.4375,8.0625,1.125,7.75],"rotation":0,"texture":"#0","tintindex":0},"down":{"uv":[3.4375,7.75,3.125,8.0625],"rotation":0,"texture":"#0","tintindex":0}}},{"from":[9.390715,5.184,3.9347138],"to":[12.206858,7.4515715,11.906571],"rotation":{"angle":22.5,"axis":"z","origin":[8.0,4.809214,7.920643]},"faces":{"east":{"uv":[6.4375,5.875,7.3125,6.125],"rotation":0,"texture":"#0","tintindex":0},"south":{"uv":[6.8125,6.4375,7.125,6.6875],"rotation":0,"texture":"#0","tintindex":0},"north":{"uv":[1.75,1.5,2.0625,1.75],"rotation":0,"texture":"#0","tintindex":0},"west":{"uv":[2.0,6.625,2.875,6.875],"rotation":0,"texture":"#0","tintindex":0},"up":{"uv":[3.625,7.125,3.3125,6.25],"rotation":0,"texture":"#0","tintindex":0},"down":{"uv":[0.6875,6.375,0.375,7.25],"rotation":0,"texture":"#0","tintindex":0}}}],"textures":{"0":"modelengine:entity/darkguard_archer_gama05"},"display":{"head":{"translation":[0.0,-6.4,0.0],"scale":[4.0,4.0,4.0]}}}