{"elements":[{"from":[4.0499,8.010354,4.2794547],"to":[11.9501,16.023415,12.179655],"rotation":{"angle":0.0,"axis":"y","origin":[8.0,12.016885,8.229555]},"faces":{"east":{"uv":[0.0,0.875,0.875,1.75],"rotation":0,"texture":"#0","tintindex":0},"south":{"uv":[0.875,0.0,1.75,0.875],"rotation":0,"texture":"#0","tintindex":0},"north":{"uv":[0.0,0.0,0.875,0.875],"rotation":0,"texture":"#0","tintindex":0},"west":{"uv":[0.875,0.875,1.75,1.75],"rotation":0,"texture":"#0","tintindex":0},"up":{"uv":[0.875,2.625,0.0,1.75],"rotation":0,"texture":"#0","tintindex":0},"down":{"uv":[2.625,0.0,1.75,0.875],"rotation":0,"texture":"#0","tintindex":0}}},{"from":[3.9777713,9.026944,10.768141],"to":[12.060415,13.783187,13.762241],"rotation":{"angle":22.5,"axis":"x","origin":[8.019093,12.2875805,12.95822]},"faces":{"east":{"uv":[7.3125,1.9375,7.625,2.4375],"rotation":0,"texture":"#0","tintindex":0},"south":{"uv":[3.875,3.625,4.75,4.125],"rotation":0,"texture":"#0","tintindex":0},"north":{"uv":[3.875,3.125,4.75,3.625],"rotation":0,"texture":"#0","tintindex":0},"west":{"uv":[5.375,7.3125,5.6875,7.8125],"rotation":0,"texture":"#0","tintindex":0},"up":{"uv":[6.1875,0.3125,5.3125,0.0],"rotation":0,"texture":"#0","tintindex":0},"down":{"uv":[7.0625,0.0,6.1875,0.3125],"rotation":0,"texture":"#0","tintindex":0}}},{"from":[5.8309135,16.928562,10.45874],"to":[10.157442,20.265377,15.047583],"rotation":{"angle":-45.0,"axis":"x","origin":[7.438178,18.948423,13.739133]},"faces":{"east":{"uv":[6.875,1.1875,7.375,1.5625],"rotation":0,"texture":"#0","tintindex":0},"south":{"uv":[6.875,1.5625,7.375,1.9375],"rotation":0,"texture":"#0","tintindex":0},"north":{"uv":[6.875,0.3125,7.375,0.6875],"rotation":0,"texture":"#0","tintindex":0},"west":{"uv":[2.0,6.875,2.5,7.25],"rotation":0,"texture":"#0","tintindex":0},"up":{"uv":[6.875,1.75,6.375,1.25],"rotation":0,"texture":"#0","tintindex":0},"down":{"uv":[6.875,1.75,6.375,2.25],"rotation":0,"texture":"#0","tintindex":0}}},{"from":[6.2629137,18.650002,13.056183],"to":[9.787157,22.48053,15.670168],"rotation":{"angle":22.5,"axis":"x","origin":[7.438178,19.519852,14.310561]},"faces":{"east":{"uv":[4.4375,7.375,4.75,7.8125],"rotation":0,"texture":"#0","tintindex":0},"south":{"uv":[4.4375,6.9375,4.8125,7.375],"rotation":0,"texture":"#0","tintindex":0},"north":{"uv":[6.875,4.625,7.25,5.0625],"rotation":0,"texture":"#0","tintindex":0},"west":{"uv":[6.5,7.375,6.8125,7.8125],"rotation":0,"texture":"#0","tintindex":0},"up":{"uv":[6.5,7.75,6.125,7.4375],"rotation":0,"texture":"#0","tintindex":0},"down":{"uv":[5.125,7.5,4.75,7.8125],"rotation":0,"texture":"#0","tintindex":0}}},{"from":[6.377199,15.792859,6.7704678],"to":[9.901443,19.623386,9.384454],"rotation":{"angle":22.5,"axis":"x","origin":[7.5524635,16.662708,8.024847]},"faces":{"east":{"uv":[6.8125,7.375,7.125,7.8125],"rotation":0,"texture":"#0","tintindex":0},"south":{"uv":[6.125,7.0,6.5,7.4375],"rotation":0,"texture":"#0","tintindex":0},"north":{"uv":[5.75,7.0,6.125,7.4375],"rotation":0,"texture":"#0","tintindex":0},"west":{"uv":[7.375,6.875,7.6875,7.3125],"rotation":0,"texture":"#0","tintindex":0},"up":{"uv":[7.9375,0.9375,7.5625,0.625],"rotation":0,"texture":"#0","tintindex":0},"down":{"uv":[7.9375,5.0,7.5625,5.3125],"rotation":0,"texture":"#0","tintindex":0}}},{"from":[4.764057,13.778944,8.624141],"to":[11.274129,16.498615,11.72567],"rotation":{"angle":22.5,"axis":"x","origin":[8.019093,12.2875805,12.95822]},"faces":{"east":{"uv":[2.625,0.5625,2.9375,0.875],"rotation":0,"texture":"#0","tintindex":0},"south":{"uv":[4.1875,6.625,4.875,6.9375],"rotation":0,"texture":"#0","tintindex":0},"north":{"uv":[6.625,3.6875,7.3125,4.0],"rotation":0,"texture":"#0","tintindex":0},"west":{"uv":[7.625,0.9375,7.9375,1.25],"rotation":0,"texture":"#0","tintindex":0},"up":{"uv":[6.4375,7.0,5.75,6.6875],"rotation":0,"texture":"#0","tintindex":0},"down":{"uv":[7.125,6.6875,6.4375,7.0],"rotation":0,"texture":"#0","tintindex":0}}},{"from":[6.014343,15.136659,3.1932836],"to":[10.023843,17.177473,11.72567],"rotation":{"angle":0.0,"axis":"y","origin":[8.019093,12.2875805,12.95822]},"faces":{"east":{"uv":[3.8125,0.3125,4.75,0.5625],"rotation":0,"texture":"#0","tintindex":0},"south":{"uv":[7.625,0.0,8.0625,0.25],"rotation":0,"texture":"#0","tintindex":0},"north":{"uv":[4.6875,2.25,5.125,2.5],"rotation":0,"texture":"#0","tintindex":0},"west":{"uv":[6.375,2.25,7.3125,2.5],"rotation":0,"texture":"#0","tintindex":0},"up":{"uv":[2.9375,5.0625,2.5,4.125],"rotation":0,"texture":"#0","tintindex":0},"down":{"uv":[1.0625,4.1875,0.625,5.125],"rotation":0,"texture":"#0","tintindex":0}}},{"from":[2.687943,14.389915,3.3969402],"to":[7.4441857,16.716446,5.2765265],"rotation":{"angle":-22.5,"axis":"z","origin":[4.047778,15.410322,4.336734]},"faces":{"east":{"uv":[1.875,3.875,2.0625,4.125],"rotation":0,"texture":"#0","tintindex":0},"south":{"uv":[3.125,7.5,3.625,7.75],"rotation":0,"texture":"#0","tintindex":0},"north":{"uv":[7.375,1.6875,7.875,1.9375],"rotation":0,"texture":"#0","tintindex":0},"west":{"uv":[3.3125,4.75,3.5,5.0],"rotation":0,"texture":"#0","tintindex":0},"up":{"uv":[4.0,1.5,3.5,1.3125],"rotation":0,"texture":"#0","tintindex":0},"down":{"uv":[8.0625,5.6875,7.5625,5.875],"rotation":0,"texture":"#0","tintindex":0}}},{"from":[8.555814,14.389915,3.3969402],"to":[13.3120575,16.716446,5.2765265],"rotation":{"angle":22.5,"axis":"z","origin":[11.952221,15.410322,4.336734]},"faces":{"east":{"uv":[2.3125,4.8125,2.5,5.0625],"rotation":0,"texture":"#0","tintindex":0},"south":{"uv":[7.5,6.4375,8.0,6.6875],"rotation":0,"texture":"#0","tintindex":0},"north":{"uv":[7.5,3.375,8.0,3.625],"rotation":0,"texture":"#0","tintindex":0},"west":{"uv":[4.3125,4.8125,4.5,5.0625],"rotation":0,"texture":"#0","tintindex":0},"up":{"uv":[8.125,2.4375,7.625,2.25],"rotation":0,"texture":"#0","tintindex":0},"down":{"uv":[6.1875,7.75,5.6875,7.9375],"rotation":0,"texture":"#0","tintindex":0}}},{"from":[6.6932,12.42123,3.8721404],"to":[9.344986,15.140902,5.615955],"rotation":{"angle":0.0,"axis":"y","origin":[8.019093,12.2875805,12.95822]},"faces":{"east":{"uv":[3.3125,3.8125,3.5,4.125],"rotation":0,"texture":"#0","tintindex":0},"south":{"uv":[7.625,1.9375,7.9375,2.25],"rotation":0,"texture":"#0","tintindex":0},"north":{"uv":[7.625,1.25,7.9375,1.5625],"rotation":0,"texture":"#0","tintindex":0},"west":{"uv":[3.3125,4.125,3.5,4.4375],"rotation":0,"texture":"#0","tintindex":0},"up":{"uv":[7.1875,0.875,6.875,0.6875],"rotation":0,"texture":"#0","tintindex":0},"down":{"uv":[7.1875,5.0625,6.875,5.25],"rotation":0,"texture":"#0","tintindex":0}}},{"from":[7.310343,10.627273,3.8721404],"to":[8.727843,12.42123,5.615955],"rotation":{"angle":0.0,"axis":"y","origin":[8.019093,12.03648,12.95822]},"faces":{"east":{"uv":[0.4375,4.875,0.625,5.0625],"rotation":0,"texture":"#0","tintindex":0},"south":{"uv":[3.1875,6.75,3.3125,6.9375],"rotation":0,"texture":"#0","tintindex":0},"north":{"uv":[5.125,5.9375,5.25,6.125],"rotation":0,"texture":"#0","tintindex":0},"west":{"uv":[7.5,6.6875,7.6875,6.875],"rotation":0,"texture":"#0","tintindex":0},"up":{"uv":[3.3125,7.125,3.1875,6.9375],"rotation":0,"texture":"#0","tintindex":0},"down":{"uv":[1.625,7.375,1.5,7.5625],"rotation":0,"texture":"#0","tintindex":0}}},{"from":[11.271243,9.651566,5.621582],"to":[13.3120575,15.765524,11.57431],"rotation":{"angle":0.0,"axis":"y","origin":[8.0,14.066259,7.5796604]},"faces":{"east":{"uv":[4.0625,1.3125,4.6875,2.0],"rotation":0,"texture":"#0","tintindex":0},"south":{"uv":[4.875,6.8125,5.125,7.5],"rotation":0,"texture":"#0","tintindex":0},"north":{"uv":[3.625,5.0,3.875,5.6875],"rotation":0,"texture":"#0","tintindex":0},"west":{"uv":[1.875,4.125,2.5,4.8125],"rotation":0,"texture":"#0","tintindex":0},"up":{"uv":[0.625,7.875,0.375,7.25],"rotation":0,"texture":"#0","tintindex":0},"down":{"uv":[2.25,7.25,2.0,7.875],"rotation":0,"texture":"#0","tintindex":0}}},{"from":[2.687943,9.651566,5.621582],"to":[4.728757,15.765524,11.57431],"rotation":{"angle":0.0,"axis":"y","origin":[8.0,14.066259,7.5796604]},