{"elements":[{"from":[5.166714,5.5366073,6.8152437],"to":[10.908714,8.459465,10.992101],"rotation":{"angle":-22.5,"axis":"x","origin":[11.036,4.454857,8.113143]},"faces":{"east":{"uv":[7.4375,4.25,7.875,4.5625],"rotation":0,"texture":"#0","tintindex":0},"south":{"uv":[6.8125,4.0,7.4375,4.3125],"rotation":0,"texture":"#0","tintindex":0},"north":{"uv":[6.75,2.5,7.375,2.8125],"rotation":0,"texture":"#0","tintindex":0},"west":{"uv":[5.6875,7.4375,6.125,7.75],"rotation":0,"texture":"#0","tintindex":0},"up":{"uv":[5.75,6.5625,5.125,6.125],"rotation":0,"texture":"#0","tintindex":0},"down":{"uv":[6.375,6.125,5.75,6.5625],"rotation":0,"texture":"#0","tintindex":0}}},{"from":[6.3415713,-1.7716017,5.7818356],"to":[9.658428,6.682685,9.958693],"rotation":{"angle":0.0,"axis":"y","origin":[6.152,5.2212563,7.8702645]},"faces":{"east":{"uv":[4.6875,1.3125,5.125,2.25],"rotation":0,"texture":"#0","tintindex":0},"south":{"uv":[5.25,4.25,5.625,5.1875],"rotation":0,"texture":"#0","tintindex":0},"north":{"uv":[2.9375,5.0625,3.3125,6.0],"rotation":0,"texture":"#0","tintindex":0},"west":{"uv":[4.75,0.3125,5.1875,1.25],"rotation":0,"texture":"#0","tintindex":0},"up":{"uv":[7.5,6.875,7.125,6.4375],"rotation":0,"texture":"#0","tintindex":0},"down":{"uv":[7.5625,0.6875,7.1875,1.125],"rotation":0,"texture":"#0","tintindex":0}}}],"textures":{"0":"modelengine:entity/darkguard_archer_gama05"},"display":{"head":{"translation":[0.0,-6.4,0.0],"scale":[4.0,4.0,4.0]}}}