{"elements":[{"from":[5.9492855,5.5366073,6.8152437],"to":[11.691286,8.459465,10.992101],"rotation":{"angle":-22.5,"axis":"x","origin":[11.818571,4.454857,8.113143]},"faces":{"east":{"uv":[7.4375,6.125,7.875,6.4375],"rotation":0,"texture":"#0","tintindex":0},"south":{"uv":[6.8125,6.125,7.4375,6.4375],"rotation":0,"texture":"#0","tintindex":0},"north":{"uv":[6.8125,4.3125,7.4375,4.625],"rotation":0,"texture":"#0","tintindex":0},"west":{"uv":[7.5,3.0625,7.9375,3.375],"rotation":0,"texture":"#0","tintindex":0},"up":{"uv":[2.8125,6.625,2.1875,6.1875],"rotation":0,"texture":"#0","tintindex":0},"down":{"uv":[4.8125,6.1875,4.1875,6.625],"rotation":0,"texture":"#0","tintindex":0}}},{"from":[7.1241426,-1.7716017,5.7818356],"to":[10.441,6.682685,9.958693],"rotation":{"angle":0.0,"axis":"y","origin":[10.630571,5.2212563,7.8702645]},"faces":{"east":{"uv":[4.75,3.125,5.1875,4.0625],"rotation":0,"texture":"#0","tintindex":0},"south":{"uv":[0.4375,5.4375,0.8125,6.375],"rotation":0,"texture":"#0","tintindex":0},"north":{"uv":[5.25,5.1875,5.625,6.125],"rotation":0,"texture":"#0","tintindex":0},"west":{"uv":[1.875,4.8125,2.3125,5.75],"rotation":0,"texture":"#0","tintindex":0},"up":{"uv":[7.5625,5.5,7.1875,5.0625],"rotation":0,"texture":"#0","tintindex":0},"down":{"uv":[2.0,7.25,1.625,7.6875],"rotation":0,"texture":"#0","tintindex":0}}}],"textures":{"0":"modelengine:entity/darkguard_archer_gama05"},"display":{"head":{"translation":[0.0,-6.4,0.0],"scale":[4.0,4.0,4.0]}}}