{"elements":[{"from":[6.2390356,-0.7203932,7.3336787],"to":[10.198036,8.01575,12.665536],"rotation":{"angle":0.0,"axis":"y","origin":[10.457321,-30.443966,8.51225]},"faces":{"east":{"uv":[1.4375,2.9375,2.0,3.875],"rotation":0,"texture":"#0","tintindex":0},"south":{"uv":[0.0,4.875,0.4375,5.8125],"rotation":0,"texture":"#0","tintindex":0},"north":{"uv":[3.875,4.8125,4.3125,5.75],"rotation":0,"texture":"#0","tintindex":0},"west":{"uv":[2.9375,2.875,3.5,3.8125],"rotation":0,"texture":"#0","tintindex":0},"up":{"uv":[6.875,0.875,6.4375,0.3125],"rotation":0,"texture":"#0","tintindex":0},"down":{"uv":[6.875,4.6875,6.4375,5.25],"rotation":0,"texture":"#0","tintindex":0}}},{"from":[6.5501785,-3.2896786,5.2688212],"to":[9.584179,-0.6685362,12.217679],"rotation":{"angle":0.0,"axis":"y","origin":[9.703035,-17.621107,7.154536]},"faces":{"east":{"uv":[6.4375,5.5625,7.1875,5.875],"rotation":0,"texture":"#0","tintindex":0},"south":{"uv":[7.6875,6.6875,8.0,7.0],"rotation":0,"texture":"#0","tintindex":0},"north":{"uv":[1.5,7.6875,1.8125,8.0],"rotation":0,"texture":"#0","tintindex":0},"west":{"uv":[6.5625,2.875,7.3125,3.1875],"rotation":0,"texture":"#0","tintindex":0},"up":{"uv":[5.4375,7.3125,5.125,6.5625],"rotation":0,"texture":"#0","tintindex":0},"down":{"uv":[5.75,6.5625,5.4375,7.3125],"rotation":0,"texture":"#0","tintindex":0}}}],"textures":{"0":"modelengine:entity/darkguard_archer_gama05"},"display":{"head":{"translation":[0.0,-6.4,0.0],"scale":[4.0,4.0,4.0]}}}