{"elements":[{"from":[5.76425,-0.7203932,7.3336787],"to":[9.72325,8.01575,12.665536],"rotation":{"angle":0.0,"axis":"y","origin":[1.7335353,-30.443966,8.51225]},"faces":{"east":{"uv":[2.9375,0.5625,3.5,1.5],"rotation":0,"texture":"#0","tintindex":0},"south":{"uv":[4.5,4.125,4.9375,5.0625],"rotation":0,"texture":"#0","tintindex":0},"north":{"uv":[1.0625,4.1875,1.5,5.125],"rotation":0,"texture":"#0","tintindex":0},"west":{"uv":[0.875,2.9375,1.4375,3.875],"rotation":0,"texture":"#0","tintindex":0},"up":{"uv":[6.8125,4.6875,6.375,4.125],"rotation":0,"texture":"#0","tintindex":0},"down":{"uv":[6.8125,6.125,6.375,6.6875],"rotation":0,"texture":"#0","tintindex":0}}},{"from":[6.528964,-3.2896786,5.2688212],"to":[9.412107,-0.6685362,12.217679],"rotation":{"angle":0.0,"axis":"y","origin":[5.504964,-17.621107,7.154536]},"faces":{"east":{"uv":[6.4375,0.875,7.1875,1.1875],"rotation":0,"texture":"#0","tintindex":0},"south":{"uv":[7.625,4.5625,7.9375,4.875],"rotation":0,"texture":"#0","tintindex":0},"north":{"uv":[4.125,7.625,4.4375,7.9375],"rotation":0,"texture":"#0","tintindex":0},"west":{"uv":[6.4375,5.25,7.1875,5.5625],"rotation":0,"texture":"#0","tintindex":0},"up":{"uv":[2.0,7.25,1.6875,6.5],"rotation":0,"texture":"#0","tintindex":0},"down":{"uv":[3.9375,6.5,3.625,7.25],"rotation":0,"texture":"#0","tintindex":0}}}],"textures":{"0":"modelengine:entity/darkguard_archer_gama05"},"display":{"head":{"translation":[0.0,-6.4,0.0],"scale":[4.0,4.0,4.0]}}}