{"elements":[{"from":[7.7190285,-1.7142859,-1.3304701],"to":[7.7190285,15.428572,17.526674],"rotation":{"angle":0.0,"axis":"y","origin":[7.7190285,8.0,8.098102]},"faces":{"east":{"uv":[4.0625,3.0,0.0625,5.75],"rotation":90,"texture":"#0","tintindex":0},"south":{"uv":[0.375,10.3125,0.375,10.9375],"rotation":0,"texture":"#0","tintindex":0},"north":{"uv":[10.25,10.875,10.25,10.25],"rotation":180,"texture":"#0","tintindex":0},"west":{"uv":[0.0625,3.0,4.0625,5.75],"rotation":270,"texture":"#0","tintindex":0},"up":{"uv":[10.1875,10.25,10.1875,10.875],"rotation":0,"texture":"#0","tintindex":0},"down":{"uv":[10.25,7.875,10.25,8.5],"rotation":180,"texture":"#0","tintindex":0}}},{"from":[-1.1476011,-1.7142859,7.901898],"to":[17.709543,15.428572,7.901898],"rotation":{"angle":0.0,"axis":"y","origin":[8.280972,8.0,7.901898]},"faces":{"east":{"uv":[10.25,10.875,10.25,10.25],"rotation":180,"texture":"#0","tintindex":0},"south":{"uv":[4.0625,3.0,0.0625,5.75],"rotation":90,"texture":"#0","tintindex":0},"north":{"uv":[0.0625,3.0,4.0625,5.75],"rotation":270,"texture":"#0","tintindex":0},"west":{"uv":[0.375,10.3125,0.375,10.9375],"rotation":0,"texture":"#0","tintindex":0},"up":{"uv":[10.1875,10.25,10.1875,10.875],"rotation":90,"texture":"#0","tintindex":0},"down":{"uv":[10.25,7.875,10.25,8.5],"rotation":90,"texture":"#0","tintindex":0}}}],"textures":{"0":"modelengine:entity/effect_princessdarkness_01"},"display":{"head":{"translation":[0.0,-6.4,0.0],"scale":[4.0,4.0,4.0]}}}