{"elements":[{"from":[-7.0570984,3.0235147,3.4285712],"to":[-1.3428125,11.594944,11.428572],"rotation":{"angle":0.0,"axis":"y","origin":[-5.914242,5.1118116,5.4776506]},"faces":{"east":{"uv":[6.9375,7.5625,7.375,8.03125],"rotation":0,"texture":"#0","tintindex":0},"south":{"uv":[5.25,8.0625,5.5625,8.53125],"rotation":0,"texture":"#0","tintindex":0},"north":{"uv":[8.0625,2.65625,8.375,3.125],"rotation":0,"texture":"#0","tintindex":0},"west":{"uv":[7.5625,7.125,8.0,7.59375],"rotation":0,"texture":"#0","tintindex":0},"up":{"uv":[8.5625,4.0,8.25,3.5625],"rotation":0,"texture":"#0","tintindex":0},"down":{"uv":[8.59375,0.75,8.28125,1.1875],"rotation":0,"texture":"#0","tintindex":0}}},{"from":[-2.48567,4.166372,4.457143],"to":[16.371475,10.452086,10.171429],"rotation":{"angle":0.0,"axis":"y","origin":[-5.914242,5.1118116,5.4776506]},"faces":{"east":{"uv":[8.75,7.09375,8.4375,7.4375],"rotation":0,"texture":"#0","tintindex":0},"south":{"uv":[6.9375,5.15625,7.75,5.5],"rotation":0,"texture":"#0","tintindex":0},"north":{"uv":[6.9375,4.8125,7.75,5.15625],"rotation":0,"texture":"#0","tintindex":0},"west":{"uv":[3.875,8.46875,4.1875,8.8125],"rotation":0,"texture":"#0","tintindex":0},"up":{"uv":[7.8125,7.125,7.0,6.8125],"rotation":0,"texture":"#0","tintindex":0},"down":{"uv":[7.875,3.5,7.0625,3.8125],"rotation":0,"texture":"#0","tintindex":0}}},{"from":[-4.571431,7.7092295,-3.096345],"to":[32.0,7.723515,31.189371],"rotation":{"angle":0.0,"axis":"y","origin":[21.142857,7.5949435,0.903656]},"faces":{"east":{"uv":[8.0,5.40625,10.5625,5.4375],"rotation":0,"texture":"#0","tintindex":0},"south":{"uv":[8.875,4.625,10.1875,4.65625],"rotation":0,"texture":"#0","tintindex":0},"north":{"uv":[8.625,5.375,9.9375,5.40625],"rotation":0,"texture":"#0","tintindex":0},"west":{"uv":[8.375,5.15625,10.9375,5.1875],"rotation":0,"texture":"#0","tintindex":0},"up":{"uv":[3.375,5.1875,0.0,2.625],"rotation":0,"texture":"#0","tintindex":0},"down":{"uv":[3.375,2.625,0.0,5.1875],"rotation":0,"texture":"#0","tintindex":0}}}],"textures":{"0":"modelengine:entity/gm_sun_dragon"},"display":{"head":{"translation":[39.16658,-6.4,0.0],"scale":[4.0,4.0,4.0]}}}