{"elements":[{"from":[17.342812,3.0235147,3.4285712],"to":[23.057098,11.594944,11.428572],"rotation":{"angle":0.0,"axis":"y","origin":[21.914242,5.1118116,5.4776506]},"faces":{"east":{"uv":[5.8125,7.53125,6.25,8.0],"rotation":0,"texture":"#0","tintindex":0},"south":{"uv":[6.875,8.03125,7.1875,8.5],"rotation":0,"texture":"#0","tintindex":0},"north":{"uv":[4.25,8.03125,4.5625,8.5],"rotation":0,"texture":"#0","tintindex":0},"west":{"uv":[7.5625,6.25,8.0,6.71875],"rotation":0,"texture":"#0","tintindex":0},"up":{"uv":[2.9375,8.6875,2.625,8.25],"rotation":0,"texture":"#0","tintindex":0},"down":{"uv":[8.5625,3.125,8.25,3.5625],"rotation":0,"texture":"#0","tintindex":0}}},{"from":[-0.37147522,4.166372,4.457143],"to":[18.48567,10.452086,10.171429],"rotation":{"angle":0.0,"axis":"y","origin":[21.914242,5.1118116,5.4776506]},"faces":{"east":{"uv":[3.1875,8.4375,3.5,8.78125],"rotation":0,"texture":"#0","tintindex":0},"south":{"uv":[6.9375,3.15625,7.75,3.5],"rotation":0,"texture":"#0","tintindex":0},"north":{"uv":[6.9375,2.8125,7.75,3.15625],"rotation":0,"texture":"#0","tintindex":0},"west":{"uv":[8.4375,7.09375,8.75,7.4375],"rotation":0,"texture":"#0","tintindex":0},"up":{"uv":[6.125,5.125,5.3125,4.8125],"rotation":0,"texture":"#0","tintindex":0},"down":{"uv":[6.9375,4.8125,6.125,5.125],"rotation":0,"texture":"#0","tintindex":0}}},{"from":[-16.0,7.7092295,-3.096345],"to":[20.57143,7.937801,31.189371],"rotation":{"angle":0.0,"axis":"y","origin":[-5.1428566,7.5949435,0.903656]},"faces":{"east":{"uv":[8.4375,6.375,11.0,6.40625],"rotation":0,"texture":"#0","tintindex":0},"south":{"uv":[8.875,5.875,10.1875,5.90625],"rotation":0,"texture":"#0","tintindex":0},"north":{"uv":[8.875,5.84375,10.1875,5.875],"rotation":0,"texture":"#0","tintindex":0},"west":{"uv":[8.4375,6.40625,11.0,6.4375],"rotation":0,"texture":"#0","tintindex":0},"up":{"uv":[0.0,5.1875,3.375,2.625],"rotation":0,"texture":"#0","tintindex":0},"down":{"uv":[0.0,2.59375,3.375,5.15625],"rotation":0,"texture":"#0","tintindex":0}}}],"textures":{"0":"modelengine:entity/gm_sun_dragon"},"display":{"head":{"translation":[-39.16658,-6.4,0.0],"scale":[4.0,4.0,4.0]}}}