{"elements":[{"from":[5.5714283,5.8142853,1.6857138],"to":[10.428572,9.214286,8.971429],"rotation":{"angle":0.0,"axis":"y","origin":[6.0571427,8.388572,5.8688974]},"faces":{"east":{"uv":[8.0,5.1875,8.625,5.40625],"rotation":0,"texture":"#0","tintindex":0},"south":{"uv":[8.75,4.65625,9.0625,4.875],"rotation":0,"texture":"#0","tintindex":0},"north":{"uv":[2.84375,8.75,3.15625,8.96875],"rotation":0,"texture":"#0","tintindex":0},"west":{"uv":[8.0,6.5,8.625,6.71875],"rotation":0,"texture":"#0","tintindex":0},"up":{"uv":[2.9375,8.25,2.625,7.625],"rotation":0,"texture":"#0","tintindex":0},"down":{"uv":[0.3125,7.6875,0.0,8.3125],"rotation":0,"texture":"#0","tintindex":0}}}],"textures":{"0":"modelengine:entity/gm_sun_dragon"},"display":{"head":{"translation":[0.0,-6.4,0.0],"scale":[4.0,4.0,4.0]}}}