{"elements":[{"from":[5.5030584,4.9244275,-1.2097921],"to":[12.337345,11.758713,11.910208],"rotation":{"angle":45.0,"axis":"y","origin":[13.979139,8.0,4.9229755]},"faces":{"east":{"uv":[7.8125,6.71875,8.25,7.09375],"rotation":0,"texture":"#0","tintindex":0},"south":{"uv":[1.0625,8.1875,1.4375,8.5625],"rotation":0,"texture":"#0","tintindex":0},"north":{"uv":[0.6875,8.1875,1.0625,8.5625],"rotation":0,"texture":"#0","tintindex":0},"west":{"uv":[4.8125,7.9375,5.25,8.3125],"rotation":0,"texture":"#0","tintindex":0},"up":{"uv":[8.375,5.1875,8.0,4.75],"rotation":0,"texture":"#0","tintindex":0},"down":{"uv":[6.1875,8.0,5.8125,8.4375],"rotation":0,"texture":"#0","tintindex":0}}},{"from":[3.4285712,5.714286,-3.4285717],"to":[6.857143,10.285714,4.5714283],"rotation":{"angle":22.5,"axis":"y","origin":[5.142857,8.0,0.5714283]},"faces":{"east":{"uv":[5.75,8.4375,6.1875,8.6875],"rotation":0,"texture":"#0","tintindex":0},"south":{"uv":[8.96875,1.625,9.15625,1.875],"rotation":0,"texture":"#0","tintindex":0},"north":{"uv":[8.96875,1.375,9.15625,1.625],"rotation":0,"texture":"#0","tintindex":0},"west":{"uv":[8.4375,6.0625,8.875,6.3125],"rotation":0,"texture":"#0","tintindex":0},"up":{"uv":[5.0,7.90625,4.8125,7.46875],"rotation":0,"texture":"#0","tintindex":0},"down":{"uv":[5.0,7.46875,4.8125,7.90625],"rotation":0,"texture":"#0","tintindex":0}}}],"textures":{"0":"modelengine:entity/gm_sun_dragon"},"display":{"head":{"translation":[0.0,-6.4,0.0],"scale":[4.0,4.0,4.0]}}}