{"elements":[{"from":[3.7142854,1.7934628,4.118822],"to":[12.285715,11.793463,14.118822],"rotation":{"angle":0.0,"axis":"y","origin":[8.0,6.7934628,9.118822]},"faces":{"east":{"uv":[7.65625,5.6875,8.09375,6.125],"rotation":0,"texture":"#0","tintindex":0},"south":{"uv":[7.90625,1.0,8.28125,1.4375],"rotation":0,"texture":"#0","tintindex":0},"north":{"uv":[7.875,3.65625,8.25,4.09375],"rotation":0,"texture":"#0","tintindex":0},"west":{"uv":[0.3125,7.6875,0.75,8.125],"rotation":0,"texture":"#0","tintindex":0},"up":{"uv":[8.28125,1.875,7.90625,1.4375],"rotation":0,"texture":"#0","tintindex":0},"down":{"uv":[6.875,7.90625,6.5,8.34375],"rotation":0,"texture":"#0","tintindex":0}}}],"textures":{"0":"modelengine:entity/gm_sun_dragon"},"display":{"head":{"translation":[0.0,-6.4,0.0],"scale":[4.0,4.0,4.0]}}}