{"elements":[{"from":[4.5714283,8.127233,6.799986],"to":[11.428572,16.127234,13.657129],"rotation":{"angle":0.0,"axis":"y","origin":[6.857143,11.611609,10.912323]},"faces":{"east":{"uv":[7.75,7.78125,8.125,8.21875],"rotation":0,"texture":"#0","tintindex":0},"south":{"uv":[7.875,3.21875,8.25,3.65625],"rotation":0,"texture":"#0","tintindex":0},"north":{"uv":[7.375,7.78125,7.75,8.21875],"rotation":0,"texture":"#0","tintindex":0},"west":{"uv":[3.5,7.875,3.875,8.3125],"rotation":0,"texture":"#0","tintindex":0},"up":{"uv":[8.46875,6.0625,8.09375,5.6875],"rotation":0,"texture":"#0","tintindex":0},"down":{"uv":[0.6875,8.125,0.3125,8.5],"rotation":0,"texture":"#0","tintindex":0}}},{"from":[4.582857,15.137442,5.9749126],"to":[11.417143,19.686014,12.809198],"rotation":{"angle":-22.5,"axis":"x","origin":[8.0,17.729313,10.722143]},"faces":{"east":{"uv":[8.125,8.53125,8.5,8.78125],"rotation":0,"texture":"#0","tintindex":0},"south":{"uv":[0.625,8.5625,1.0,8.8125],"rotation":0,"texture":"#0","tintindex":0},"north":{"uv":[5.125,8.53125,5.5,8.78125],"rotation":0,"texture":"#0","tintindex":0},"west":{"uv":[1.0,8.5625,1.375,8.8125],"rotation":0,"texture":"#0","tintindex":0},"up":{"uv":[8.5,8.15625,8.125,7.78125],"rotation":0,"texture":"#0","tintindex":0},"down":{"uv":[8.5,8.15625,8.125,8.53125],"rotation":0,"texture":"#0","tintindex":0}}}],"textures":{"0":"modelengine:entity/gm_sun_dragon"},"display":{"head":{"translation":[0.0,-6.4,0.0],"scale":[4.0,4.0,4.0]}}}