{"elements":[{"from":[2.409237,6.9441104,6.8198233],"to":[6.489237,9.66411,9.539824],"rotation":{"angle":22.5,"axis":"z","origin":[4.3424587,10.016323,5.5213404]},"faces":{"east":{"uv":[8.75,7.34375,9.0,7.59375],"rotation":0,"texture":"#0","tintindex":0},"south":{"uv":[8.5625,2.125,8.9375,2.375],"rotation":0,"texture":"#0","tintindex":0},"north":{"uv":[8.5625,1.875,8.9375,2.125],"rotation":0,"texture":"#0","tintindex":0},"west":{"uv":[8.78125,0.625,9.03125,0.875],"rotation":0,"texture":"#0","tintindex":0},"up":{"uv":[8.9375,2.625,8.5625,2.375],"rotation":0,"texture":"#0","tintindex":0},"down":{"uv":[8.9375,3.125,8.5625,3.375],"rotation":0,"texture":"#0","tintindex":0}}},{"from":[-3.710763,7.9641104,8.519823],"to":[19.749237,7.9641104,21.099823],"rotation":{"angle":0.0,"axis":"y","origin":[4.3424587,10.016323,5.5213404]},"faces":{"east":{"uv":[0.0,0.0,1.15625,0.0],"rotation":0,"texture":"#0","tintindex":0},"south":{"uv":[0.0,0.0,2.15625,0.0],"rotation":0,"texture":"#0","tintindex":0},"north":{"uv":[0.0,0.0,2.15625,0.0],"rotation":0,"texture":"#0","tintindex":0},"west":{"uv":[0.0,0.0,1.15625,0.0],"rotation":0,"texture":"#0","tintindex":0},"up":{"uv":[4.78125,6.28125,2.625,5.125],"rotation":0,"texture":"#0","tintindex":0},"down":{"uv":[6.9375,5.125,4.78125,6.28125],"rotation":0,"texture":"#0","tintindex":0}}},{"from":[2.0692368,7.9981103,3.7598233],"to":[25.529238,7.9981103,16.339825],"rotation":{"angle":45.0,"axis":"y","origin":[13.799237,7.9981103,10.049824]},"faces":{"east":{"uv":[0.0,0.0,1.15625,0.0],"rotation":0,"texture":"#0","tintindex":0},"south":{"uv":[0.0,0.0,2.15625,0.0],"rotation":0,"texture":"#0","tintindex":0},"north":{"uv":[0.0,0.0,2.15625,0.0],"rotation":0,"texture":"#0","tintindex":0},"west":{"uv":[0.0,0.0,1.15625,0.0],"rotation":0,"texture":"#0","tintindex":0},"up":{"uv":[4.78125,6.28125,2.625,5.125],"rotation":0,"texture":"#0","tintindex":0},"down":{"uv":[6.9375,5.125,4.78125,6.28125],"rotation":0,"texture":"#0","tintindex":0}}},{"from":[-9.53565,7.9981103,3.7598233],"to":[13.924351,7.9981103,16.339825],"rotation":{"angle":-45.0,"axis":"y","origin":[2.1943507,7.9981103,10.049824]},"faces":{"east":{"uv":[0.0,0.0,1.15625,0.0],"rotation":0,"texture":"#0","tintindex":0},"south":{"uv":[0.0,0.0,2.15625,0.0],"rotation":0,"texture":"#0","tintindex":0},"north":{"uv":[0.0,0.0,2.15625,0.0],"rotation":0,"texture":"#0","tintindex":0},"west":{"uv":[0.0,0.0,1.15625,0.0],"rotation":0,"texture":"#0","tintindex":0},"up":{"uv":[7.46875,1.15625,5.3125,0.0],"rotation":0,"texture":"#0","tintindex":0},"down":{"uv":[7.46875,1.15625,5.3125,2.3125],"rotation":0,"texture":"#0","tintindex":0}}},{"from":[2.7769923,6.9388075,8.488285],"to":[4.5449924,8.706807,12.296286],"rotation":{"angle":-45.0,"axis":"y","origin":[3.7093296,10.554942,9.318864]},"faces":{"east":{"uv":[8.5,8.65625,8.875,8.84375],"rotation":0,"texture":"#0","tintindex":0},"south":{"uv":[8.5,9.03125,8.6875,9.21875],"rotation":0,"texture":"#0","tintindex":0},"north":{"uv":[8.3125,9.03125,8.5,9.21875],"rotation":0,"texture":"#0","tintindex":0},"west":{"uv":[2.0,8.6875,2.375,8.875],"rotation":0,"texture":"#0","tintindex":0},"up":{"uv":[6.75,9.03125,6.5625,8.65625],"rotation":0,"texture":"#0","tintindex":0},"down":{"uv":[2.5625,8.6875,2.375,9.0625],"rotation":0,"texture":"#0","tintindex":0}}},{"from":[1.5439916,6.86983,16.355358],"to":[3.3119917,8.56983,20.43536],"rotation":{"angle":-45.0,"axis":"y","origin":[7.9967937,7.71983,12.826557]},"faces":{"east":{"uv":[8.8125,4.3125,9.1875,4.46875],"rotation":0,"texture":"#0","tintindex":0},"south":{"uv":[3.875,7.875,4.03125,8.03125],"rotation":0,"texture":"#0","tintindex":0},"north":{"uv":[7.5,2.65625,7.65625,2.8125],"rotation":0,"texture":"#0","tintindex":0},"west":{"uv":[3.40625,8.875,3.78125,9.03125],"rotation":0,"texture":"#0","tintindex":0},"up":{"uv":[6.1875,9.0625,6.03125,8.6875],"rotation":0,"texture":"#0","tintindex":0},"down":{"uv":[4.90625,8.875,4.75,9.25],"rotation":0,"texture":"#0","tintindex":0}}},{"from":[12.681597,6.86983,16.355358],"to":[14.449596,8.56983,20.43536],"rotation":{"angle":45.0,"axis":"y","origin":[7.9967937,7.71983,12.826557]},"faces":{"east":{"uv":[8.8125,4.3125,9.1875,4.46875],"rotation":0,"texture":"#0","tintindex":0},"south":{"uv":[0.9375,9.0625,1.09375,9.21875],"rotation":0,"texture":"#0","tintindex":0},"north":{"uv":[7.90625,1.875,8.0625,2.03125],"rotation":0,"texture":"#0","tintindex":0},"west":{"uv":[3.40625,8.875,3.78125,9.03125],"rotation":0,"texture":"#0","tintindex":0},"up":{"uv":[5.0625,9.25,4.90625,8.875],"rotation":0,"texture":"#0","tintindex":0},"down":{"uv":[9.03125,8.59375,8.875,8.96875],"rotation":0,"texture":"#0","tintindex":0}}},{"from":[-3.069355,7.2098303,18.79052],"to":[-1.3013554,8.90983,22.870522],"rotation":{"angle":45.0,"axis":"y","origin":[-7.754157,8.05983,15.261719]},"faces":{"east":{"uv":[8.875,6.0625,9.25,6.21875],"rotation":0,"texture":"#0","tintindex":0},"south":{"uv":[1.96875,9.0625,2.125,9.21875],"rotation":0,"texture":"#0","tintindex":0},"north":{"uv":[1.8125,9.0625,1.96875,9.21875],"rotation":0,"texture":"#0","tintindex":0},"west":{"uv":[8.90625,0.0,9.28125,0.15625],"rotation":0,"texture":"#0","tintindex":0},"up":{"uv":[9.09375,2.25,8.9375,1.875],"rotation":0,"texture":"#0","tintindex":0},"down":{"uv":[9.09375,2.25,8.9375,2.625],"rotation":0,"texture":"#0","tintindex":0}}},{"from":[17.294943,7.2098303,18.79052],"to":[19.062943,8.90983,22.870522],"rotation":{"angle":-45.0,"axis":"y","origin":[23.747746,8.05983,15.261719]},"faces":{"east":{"uv":[8.875,4.46875,9.25,4.625],"rotation":0,"texture":"#0","tintindex":0},"south":{"uv":[1.65625,9.0625,1.8125,9.21875],"rotation":0,"texture":"#0","tintindex":0},"north":{"uv":[1.5,9.0625,1.65625,9.21875],"rotation":0,"texture":"#0","tintindex":0},"west":{"uv":[8.875,5.6875,9.25,5.84375],"rotation":0,"texture":"#0","tintindex":0},"up":{"uv":[7.96875,9.28125,7.8125,8.90625],"rotation":0,"texture":"#0","tintindex":0},"down":{"uv":[8.125,8.90625,7.96875,9.28125],"rotation":0,"texture":"#0","tintindex":0}}},{"from":[-3.069355,6.86983,20.49052],"to":[-1.3013554,8.56983,24.57052],"rotation":{"angle":45.0,"axis":"y","origin":[-7.754157,7.71983,16.96172]},"faces":{"east":{"uv":[8.9375,2.875,9.3125,3.03125],"rotation":0,"texture":"#0","tintindex":0},"south":{"uv":[1.96875,9.0625,2.125,9.21875],"rotation":0,"texture":"#0","tintindex":0},"north":{"uv":[1.8125,9.0625,1.96875,9.21875],"rotation":0,"texture":"#0","tintindex":0},"west":{"uv":[8.90625,0.0,9.28125,0.15625],"rotation":0,"texture":"#0","tintindex":0},"up":{"uv":[9.09375,2.25,8.9375,1.875],"rotation":0,"texture":"#0","tintindex":0},"down":{"uv":[9.09375,2.25,8.9375,2.625],"rotation":0,"texture":"#0","tintindex":0}}},{"from":[17.294943,6.86983,20.49052],"to":[19.062943,8.56983,24.57052],"rotation":{"angle":-45.0,"axis":"y","origin":[23.747746,7.71983,16.96172]},"faces":{"east":{"uv":[8.875,4.46875,9.25,4.625],"rotation":0,"texture":"#0","tintindex":0},"south":{"uv":[1.65625,9.0625,1.8125,9.21875],"rotation":0,"texture":"#0","tintindex":0},"north":{"uv":[1.5,9.0625,1.65625,9.21875],"rotation":0,"texture":"#0","tintindex":0},"west":{"uv":[8.90625,7.78125,9.28125,7.9375],"rotation":0,"texture":"#0","tintindex":0},"up":{"uv":[7.96875,9.28125,7.8125,8.90625],"rotation":0,"texture":"#0","tintindex":0},"down":{"uv":[8.125,8.90625,7.96875,9.28125],"rotation":0,"texture":"#0","tintindex":0}}},{"from":[-3.069355,6.52983,22.530521],"to":[-1.3013554,8.22983,26.61052],"rotation":{"angle":45.0,"axis":"y","origin":[-7.754157,7.3798304,19.001719]},"faces":{"east":{"uv":[8.9375,3.1875,9.3125,3.34375],"rotation":0,"texture":"#0","tintindex":0},"south":{"uv":[1.96875,9.0625,2.125,9.21875],"rotation":0,"texture":"#0","tintindex":0},"north":{"uv":[4.1875,9.0625,4.34375,9.21875],"rotation":0,"texture":"#0","tintindex":0},"west":{"uv":[8.90625,0.0,9.28125,0.15625],"rotation":0,"texture":"#0","tintindex":0},"up":{"uv":[9.09375,2.25,8.9375,1.875],"rotation":0,"texture":"#0","tintindex":0},"down":{"uv":[9.09375,2.25,8.9375,2.625],