{"elements":[{"from":[4.2950034,4.3883224,8.903434],"to":[4.2950034,8.274036,13.274862],"rotation":{"angle":-22.5,"axis":"z","origin":[3.9064322,7.3997507,7.446291]},"faces":{"east":{"uv":[2.5625,8.6875,2.84375,8.9375],"rotation":0,"texture":"#0","tintindex":0},"south":{"uv":[0.0,0.0,0.0,0.25],"rotation":0,"texture":"#0","tintindex":0},"north":{"uv":[0.0,0.0,0.0,0.25],"rotation":0,"texture":"#0","tintindex":0},"west":{"uv":[5.75,8.6875,6.03125,8.9375],"rotation":0,"texture":"#0","tintindex":0},"up":{"uv":[0.0,0.28125,0.0,0.0],"rotation":0,"texture":"#0","tintindex":0},"down":{"uv":[0.0,0.0,0.0,0.28125],"rotation":0,"texture":"#0","tintindex":0}}},{"from":[11.704996,4.3883224,8.903434],"to":[11.704996,8.274036,13.274862],"rotation":{"angle":22.5,"axis":"z","origin":[12.093568,7.3997507,7.446291]},"faces":{"east":{"uv":[2.5625,8.6875,2.84375,8.9375],"rotation":0,"texture":"#0","tintindex":0},"south":{"uv":[0.0,0.0,0.0,0.25],"rotation":0,"texture":"#0","tintindex":0},"north":{"uv":[0.0,0.0,0.0,0.25],"rotation":0,"texture":"#0","tintindex":0},"west":{"uv":[8.75,2.625,9.03125,2.875],"rotation":0,"texture":"#0","tintindex":0},"up":{"uv":[0.0,0.28125,0.0,0.0],"rotation":0,"texture":"#0","tintindex":0},"down":{"uv":[0.0,0.0,0.0,0.28125],"rotation":0,"texture":"#0","tintindex":0}}},{"from":[3.628571,8.058785,3.5605764],"to":[12.371429,15.8302145,13.274862],"rotation":{"angle":0.0,"axis":"y","origin":[8.0,10.633072,7.549474]},"faces":{"east":{"uv":[3.375,6.28125,4.0,6.78125],"rotation":0,"texture":"#0","tintindex":0},"south":{"uv":[2.625,7.125,3.125,7.625],"rotation":0,"texture":"#0","tintindex":0},"north":{"uv":[7.0625,6.25,7.5625,6.75],"rotation":0,"texture":"#0","tintindex":0},"west":{"uv":[4.0,6.28125,4.625,6.78125],"rotation":0,"texture":"#0","tintindex":0},"up":{"uv":[5.125,6.90625,4.625,6.28125],"rotation":0,"texture":"#0","tintindex":0},"down":{"uv":[5.625,6.28125,5.125,6.90625],"rotation":0,"texture":"#0","tintindex":0}}},{"from":[5.0857143,9.742847,-1.639471],"to":[10.914286,12.657133,4.6748147],"rotation":{"angle":0.0,"axis":"y","origin":[8.0,11.19999,2.2462435]},"faces":{"east":{"uv":[8.375,2.9375,8.9375,3.125],"rotation":0,"texture":"#0","tintindex":0},"south":{"uv":[8.65625,0.4375,9.03125,0.625],"rotation":0,"texture":"#0","tintindex":0},"north":{"uv":[8.625,5.1875,9.0,5.375],"rotation":0,"texture":"#0","tintindex":0},"west":{"uv":[8.375,4.96875,8.9375,5.15625],"rotation":0,"texture":"#0","tintindex":0},"up":{"uv":[4.8125,8.03125,4.4375,7.46875],"rotation":0,"texture":"#0","tintindex":0},"down":{"uv":[5.8125,7.5,5.4375,8.0625],"rotation":0,"texture":"#0","tintindex":0}}}],"textures":{"0":"modelengine:entity/gm_sun_dragon"},"display":{"head":{"translation":[0.0,-6.4,0.0],"scale":[4.0,4.0,4.0]}}}