{"elements":[{"from":[4.0,5.142857,4.5714283],"to":[10.857143,10.857143,11.428572],"rotation":{"angle":0.0,"axis":"y","origin":[6.5142856,8.0,11.085714]},"faces":{"east":{"uv":[3.5,8.3125,3.875,8.625],"rotation":0,"texture":"#0","tintindex":0},"south":{"uv":[8.375,2.625,8.75,2.9375],"rotation":0,"texture":"#0","tintindex":0},"north":{"uv":[2.125,8.375,2.5,8.6875],"rotation":0,"texture":"#0","tintindex":0},"west":{"uv":[8.375,4.65625,8.75,4.96875],"rotation":0,"texture":"#0","tintindex":0},"up":{"uv":[7.9375,8.59375,7.5625,8.21875],"rotation":0,"texture":"#0","tintindex":0},"down":{"uv":[2.125,8.25,1.75,8.625],"rotation":0,"texture":"#0","tintindex":0}}},{"from":[7.280672,5.1314282,1.214839],"to":[11.874958,9.154285,5.809125],"rotation":{"angle":-22.5,"axis":"y","origin":[9.577815,8.0,3.5119824]},"faces":{"east":{"uv":[8.9375,3.34375,9.1875,3.5625],"rotation":0,"texture":"#0","tintindex":0},"south":{"uv":[8.9375,6.4375,9.1875,6.65625],"rotation":0,"texture":"#0","tintindex":0},"north":{"uv":[2.5625,8.9375,2.8125,9.15625],"rotation":0,"texture":"#0","tintindex":0},"west":{"uv":[8.9375,3.78125,9.1875,4.0],"rotation":0,"texture":"#0","tintindex":0},"up":{"uv":[8.375,9.03125,8.125,8.78125],"rotation":0,"texture":"#0","tintindex":0},"down":{"uv":[5.5,8.75,5.75,9.0],"rotation":0,"texture":"#0","tintindex":0}}},{"from":[-1.6944981,5.1314282,22.700554],"to":[2.8997884,9.154285,27.29484],"rotation":{"angle":22.5,"axis":"y","origin":[-49.797356,8.0,3.5119824]},"faces":{"east":{"uv":[8.9375,3.34375,9.1875,3.5625],"rotation":0,"texture":"#0","tintindex":0},"south":{"uv":[5.75,8.9375,6.0,9.15625],"rotation":0,"texture":"#0","tintindex":0},"north":{"uv":[2.5625,8.9375,2.8125,9.15625],"rotation":0,"texture":"#0","tintindex":0},"west":{"uv":[8.9375,3.78125,9.1875,4.0],"rotation":0,"texture":"#0","tintindex":0},"up":{"uv":[8.375,9.03125,8.125,8.78125],"rotation":0,"texture":"#0","tintindex":0},"down":{"uv":[8.75,7.09375,9.0,7.34375],"rotation":0,"texture":"#0","tintindex":0}}},{"from":[0.6026449,5.142857,15.854839],"to":[0.6026449,10.857143,28.426268],"rotation":{"angle":22.5,"axis":"y","origin":[-49.797356,8.0,3.5119824]},"faces":{"east":{"uv":[7.5,2.03125,8.1875,2.34375],"rotation":0,"texture":"#0","tintindex":0},"south":{"uv":[0.0,0.0,0.0,0.3125],"rotation":0,"texture":"#0","tintindex":0},"north":{"uv":[0.0,0.0,0.0,0.3125],"rotation":0,"texture":"#0","tintindex":0},"west":{"uv":[7.5,2.34375,8.1875,2.65625],"rotation":0,"texture":"#0","tintindex":0},"up":{"uv":[0.0,0.6875,0.0,0.0],"rotation":0,"texture":"#0","tintindex":0},"down":{"uv":[0.0,0.0,0.0,0.6875],"rotation":0,"texture":"#0","tintindex":0}}},{"from":[9.46353,5.142857,-4.716589],"to":[9.46353,10.857143,7.8548393],"rotation":{"angle":-22.5,"axis":"y","origin":[9.577815,8.0,3.5119824]},"faces":{"east":{"uv":[7.5,2.03125,8.1875,2.34375],"rotation":0,"texture":"#0","tintindex":0},"south":{"uv":[0.0,0.0,0.0,0.3125],"rotation":0,"texture":"#0","tintindex":0},"north":{"uv":[0.0,0.0,0.0,0.3125],"rotation":0,"texture":"#0","tintindex":0},"west":{"uv":[7.5,4.125,8.1875,4.4375],"rotation":0,"texture":"#0","tintindex":0},"up":{"uv":[0.0,0.6875,0.0,0.0],"rotation":0,"texture":"#0","tintindex":0},"down":{"uv":[0.0,0.0,0.0,0.6875],"rotation":0,"texture":"#0","tintindex":0}}}],"textures":{"0":"modelengine:entity/gm_sun_dragon"},"display":{"head":{"translation":[0.0,-6.4,0.0],"scale":[4.0,4.0,4.0]}}}