{"elements":[{"from":[5.142857,5.142857,4.5714283],"to":[12.0,10.857143,11.428572],"rotation":{"angle":0.0,"axis":"y","origin":[9.485714,8.0,11.085714]},"faces":{"east":{"uv":[3.5,8.3125,3.875,8.625],"rotation":0,"texture":"#0","tintindex":0},"south":{"uv":[4.75,8.3125,5.125,8.625],"rotation":0,"texture":"#0","tintindex":0},"north":{"uv":[8.28125,1.5625,8.65625,1.875],"rotation":0,"texture":"#0","tintindex":0},"west":{"uv":[6.5,8.34375,6.875,8.65625],"rotation":0,"texture":"#0","tintindex":0},"up":{"uv":[8.5625,2.25,8.1875,1.875],"rotation":0,"texture":"#0","tintindex":0},"down":{"uv":[8.5625,2.25,8.1875,2.625],"rotation":0,"texture":"#0","tintindex":0}}},{"from":[4.125042,5.1314282,1.214839],"to":[8.719328,9.154285,5.809125],"rotation":{"angle":22.5,"axis":"y","origin":[6.422185,8.0,3.5119824]},"faces":{"east":{"uv":[8.9375,3.34375,9.1875,3.5625],"rotation":0,"texture":"#0","tintindex":0},"south":{"uv":[8.9375,3.5625,9.1875,3.78125],"rotation":0,"texture":"#0","tintindex":0},"north":{"uv":[2.5625,8.9375,2.8125,9.15625],"rotation":0,"texture":"#0","tintindex":0},"west":{"uv":[8.9375,3.78125,9.1875,4.0],"rotation":0,"texture":"#0","tintindex":0},"up":{"uv":[8.28125,1.0,8.03125,0.75],"rotation":0,"texture":"#0","tintindex":0},"down":{"uv":[5.75,8.75,5.5,9.0],"rotation":0,"texture":"#0","tintindex":0}}},{"from":[13.100212,5.1314282,22.700554],"to":[17.694498,9.154285,27.29484],"rotation":{"angle":-22.5,"axis":"y","origin":[65.797356,8.0,3.5119824]},"faces":{"east":{"uv":[8.9375,3.34375,9.1875,3.5625],"rotation":0,"texture":"#0","tintindex":0},"south":{"uv":[8.9375,4.875,9.1875,5.09375],"rotation":0,"texture":"#0","tintindex":0},"north":{"uv":[2.5625,8.9375,2.8125,9.15625],"rotation":0,"texture":"#0","tintindex":0},"west":{"uv":[8.9375,3.78125,9.1875,4.0],"rotation":0,"texture":"#0","tintindex":0},"up":{"uv":[8.28125,1.0,8.03125,0.75],"rotation":0,"texture":"#0","tintindex":0},"down":{"uv":[9.0,7.09375,8.75,7.34375],"rotation":0,"texture":"#0","tintindex":0}}},{"from":[15.397355,5.142857,15.854839],"to":[15.397355,10.857143,28.426268],"rotation":{"angle":-22.5,"axis":"y","origin":[65.797356,8.0,3.5119824]},"faces":{"east":{"uv":[7.5,2.03125,8.1875,2.34375],"rotation":0,"texture":"#0","tintindex":0},"south":{"uv":[0.0,0.0,0.0,0.3125],"rotation":0,"texture":"#0","tintindex":0},"north":{"uv":[0.0,0.0,0.0,0.3125],"rotation":0,"texture":"#0","tintindex":0},"west":{"uv":[7.5,2.34375,8.1875,2.65625],"rotation":0,"texture":"#0","tintindex":0},"up":{"uv":[0.0,0.6875,0.0,0.0],"rotation":0,"texture":"#0","tintindex":0},"down":{"uv":[0.0,0.0,0.0,0.6875],"rotation":0,"texture":"#0","tintindex":0}}},{"from":[6.5364704,5.142857,-4.716589],"to":[6.5364704,10.857143,7.8548393],"rotation":{"angle":22.5,"axis":"y","origin":[6.422185,8.0,3.5119824]},"faces":{"east":{"uv":[7.5,2.03125,8.1875,2.34375],"rotation":0,"texture":"#0","tintindex":0},"south":{"uv":[0.0,0.0,0.0,0.3125],"rotation":0,"texture":"#0","tintindex":0},"north":{"uv":[0.0,0.0,0.0,0.3125],"rotation":0,"texture":"#0","tintindex":0},"west":{"uv":[7.5,2.34375,8.1875,2.65625],"rotation":0,"texture":"#0","tintindex":0},"up":{"uv":[0.0,0.6875,0.0,0.0],"rotation":0,"texture":"#0","tintindex":0},"down":{"uv":[0.0,0.0,0.0,0.6875],"rotation":0,"texture":"#0","tintindex":0}}}],"textures":{"0":"modelengine:entity/gm_sun_dragon"},"display":{"head":{"translation":[0.0,-6.4,0.0],"scale":[4.0,4.0,4.0]}}}