{"elements":[{"from":[5.702857,2.864582,-7.709216],"to":[19.44,12.030297,2.0279279],"rotation":{"angle":45.0,"axis":"x","origin":[12.571428,9.733154,-1.7549305]},"faces":{"east":{"uv":[7.46875,1.03125,7.90625,1.53125],"rotation":0,"texture":"#0","tintindex":0},"south":{"uv":[6.9375,2.3125,7.5,2.8125],"rotation":0,"texture":"#0","tintindex":0},"north":{"uv":[5.0,6.90625,5.5625,7.40625],"rotation":0,"texture":"#0","tintindex":0},"west":{"uv":[7.46875,1.53125,7.90625,2.03125],"rotation":0,"texture":"#0","tintindex":0},"up":{"uv":[7.5625,7.5625,7.0,7.125],"rotation":0,"texture":"#0","tintindex":0},"down":{"uv":[3.6875,7.3125,3.125,7.75],"rotation":0,"texture":"#0","tintindex":0}}},{"from":[7.428571,3.4285712,-3.4285717],"to":[17.714287,12.571428,10.285714],"rotation":{"angle":22.5,"axis":"x","origin":[12.571428,8.0,1.7142854]},"faces":{"east":{"uv":[5.3125,4.3125,6.15625,4.8125],"rotation":0,"texture":"#0","tintindex":0},"south":{"uv":[1.125,7.6875,1.5,8.1875],"rotation":0,"texture":"#0","tintindex":0},"north":{"uv":[0.75,7.6875,1.125,8.1875],"rotation":0,"texture":"#0","tintindex":0},"west":{"uv":[6.15625,4.3125,7.0,4.8125],"rotation":0,"texture":"#0","tintindex":0},"up":{"uv":[3.0,7.125,2.625,6.28125],"rotation":0,"texture":"#0","tintindex":0},"down":{"uv":[3.375,6.28125,3.0,7.125],"rotation":0,"texture":"#0","tintindex":0}}}],"textures":{"0":"modelengine:entity/gm_sun_dragon"},"display":{"head":{"translation":[0.0,-6.4,0.0],"scale":[4.0,4.0,4.0]}}}