{"elements":[{"from":[2.9556417,4.704935,1.9756942],"to":[6.4070706,8.1563635,7.712837],"rotation":{"angle":22.5,"axis":"y","origin":[8.109928,6.4306493,2.5585513]},"faces":{"east":{"uv":[8.8125,8.40625,9.125,8.59375],"rotation":0,"texture":"#0","tintindex":0},"south":{"uv":[9.03125,0.40625,9.21875,0.59375],"rotation":0,"texture":"#0","tintindex":0},"north":{"uv":[9.0,7.28125,9.1875,7.46875],"rotation":0,"texture":"#0","tintindex":0},"west":{"uv":[7.3125,8.84375,7.625,9.03125],"rotation":0,"texture":"#0","tintindex":0},"up":{"uv":[4.0,9.125,3.8125,8.8125],"rotation":0,"texture":"#0","tintindex":0},"down":{"uv":[4.1875,8.8125,4.0,9.125],"rotation":0,"texture":"#0","tintindex":0}}},{"from":[7.867627,4.980932,11.597875],"to":[7.867627,9.552361,17.31216],"rotation":{"angle":0.0,"axis":"y","origin":[8.439055,6.1237893,12.855018]},"faces":{"east":{"uv":[7.1875,8.59375,7.5,8.84375],"rotation":0,"texture":"#0","tintindex":0},"south":{"uv":[0.0,0.0,0.0,0.25],"rotation":0,"texture":"#0","tintindex":0},"north":{"uv":[0.0,0.0,0.0,0.25],"rotation":0,"texture":"#0","tintindex":0},"west":{"uv":[8.65625,0.1875,8.96875,0.4375],"rotation":0,"texture":"#0","tintindex":0},"up":{"uv":[0.0,0.3125,0.0,0.0],"rotation":0,"texture":"#0","tintindex":0},"down":{"uv":[0.0,0.0,0.0,0.3125],"rotation":0,"texture":"#0","tintindex":0}}},{"from":[6.16477,4.7277927,10.180899],"to":[9.570484,8.133507,12.443756],"rotation":{"angle":0.0,"axis":"y","origin":[9.010485,6.4306498,6.1694694]},"faces":{"east":{"uv":[5.125,8.3125,5.25,8.5],"rotation":0,"texture":"#0","tintindex":0},"south":{"uv":[9.03125,1.0625,9.21875,1.25],"rotation":0,"texture":"#0","tintindex":0},"north":{"uv":[9.03125,0.59375,9.21875,0.78125],"rotation":0,"texture":"#0","tintindex":0},"west":{"uv":[2.5,8.375,2.625,8.5625],"rotation":0,"texture":"#0","tintindex":0},"up":{"uv":[3.125,7.75,2.9375,7.625],"rotation":0,"texture":"#0","tintindex":0},"down":{"uv":[7.84375,6.125,7.65625,6.25],"rotation":0,"texture":"#0","tintindex":0}}},{"from":[9.328184,4.704935,1.9756942],"to":[12.779613,8.1563635,7.712837],"rotation":{"angle":-22.5,"axis":"y","origin":[7.6253266,6.4306493,2.5585513]},"faces":{"east":{"uv":[8.71875,5.5,9.03125,5.6875],"rotation":0,"texture":"#0","tintindex":0},"south":{"uv":[9.03125,2.625,9.21875,2.8125],"rotation":0,"texture":"#0","tintindex":0},"north":{"uv":[9.0,7.28125,9.1875,7.46875],"rotation":0,"texture":"#0","tintindex":0},"west":{"uv":[8.375,8.84375,8.6875,9.03125],"rotation":0,"texture":"#0","tintindex":0},"up":{"uv":[8.875,9.15625,8.6875,8.84375],"rotation":0,"texture":"#0","tintindex":0},"down":{"uv":[4.1875,8.8125,4.0,9.125],"rotation":0,"texture":"#0","tintindex":0}}},{"from":[6.231041,4.6935062,1.9642653],"to":[9.705327,8.167792,7.724266],"rotation":{"angle":0.0,"axis":"y","origin":[4.7681837,6.4306493,2.5585513]},"faces":{"east":{"uv":[1.5,8.875,1.8125,9.0625],"rotation":0,"texture":"#0","tintindex":0},"south":{"uv":[3.0,9.03125,3.1875,9.21875],"rotation":0,"texture":"#0","tintindex":0},"north":{"uv":[3.125,7.125,3.3125,7.3125],"rotation":0,"texture":"#0","tintindex":0},"west":{"uv":[1.8125,8.875,2.125,9.0625],"rotation":0,"texture":"#0","tintindex":0},"up":{"uv":[4.0,9.125,3.8125,8.8125],"rotation":0,"texture":"#0","tintindex":0},"down":{"uv":[4.1875,8.8125,4.0,9.125],"rotation":0,"texture":"#0","tintindex":0}}},{"from":[5.010484,4.716364,5.140898],"to":[10.724771,9.287792,10.855185],"rotation":{"angle":0.0,"axis":"y","origin":[6.610484,14.773507,8.3408985]},"faces":{"east":{"uv":[3.5,8.625,3.8125,8.875],"rotation":0,"texture":"#0","tintindex":0},"south":{"uv":[8.65625,1.625,8.96875,1.875],"rotation":0,"texture":"#0","tintindex":0},"north":{"uv":[8.65625,1.375,8.96875,1.625],"rotation":0,"texture":"#0","tintindex":0},"west":{"uv":[8.625,6.4375,8.9375,6.6875],"rotation":0,"texture":"#0","tintindex":0},"up":{"uv":[7.1875,8.8125,6.875,8.5],"rotation":0,"texture":"#0","tintindex":0},"down":{"uv":[8.8125,8.34375,8.5,8.65625],"rotation":0,"texture":"#0","tintindex":0}}},{"from":[10.259014,4.2540574,-2.6213799],"to":[10.259014,9.968344,9.95005],"rotation":{"angle":-22.5,"axis":"y","origin":[10.3733,7.1112003,5.6071925]},"faces":{"east":{"uv":[7.5,2.03125,8.1875,2.34375],"rotation":0,"texture":"#0","tintindex":0},"south":{"uv":[0.0,0.0,0.0,0.3125],"rotation":0,"texture":"#0","tintindex":0},"north":{"uv":[0.0,0.0,0.0,0.3125],"rotation":0,"texture":"#0","tintindex":0},"west":{"uv":[7.5,4.125,8.1875,4.4375],"rotation":0,"texture":"#0","tintindex":0},"up":{"uv":[0.0,0.6875,0.0,0.0],"rotation":0,"texture":"#0","tintindex":0},"down":{"uv":[0.0,0.0,0.0,0.6875],"rotation":0,"texture":"#0","tintindex":0}}},{"from":[5.8552723,4.2540574,-3.1928082],"to":[5.8552723,9.968344,9.378621],"rotation":{"angle":22.5,"axis":"y","origin":[5.7409863,7.1112003,5.0357637]},"faces":{"east":{"uv":[7.5,4.4375,8.1875,4.75],"rotation":0,"texture":"#0","tintindex":0},"south":{"uv":[0.0,0.0,0.0,0.3125],"rotation":0,"texture":"#0","tintindex":0},"north":{"uv":[0.0,0.0,0.0,0.3125],"rotation":0,"texture":"#0","tintindex":0},"west":{"uv":[7.5,2.34375,8.1875,2.65625],"rotation":0,"texture":"#0","tintindex":0},"up":{"uv":[0.0,0.6875,0.0,0.0],"rotation":0,"texture":"#0","tintindex":0},"down":{"uv":[0.0,0.0,0.0,0.6875],"rotation":0,"texture":"#0","tintindex":0}}},{"from":[8.140986,4.2540574,-3.7642374],"to":[8.140986,9.968344,8.807193],"rotation":{"angle":0.0,"axis":"y","origin":[8.026701,7.1112003,4.4643354]},"faces":{"east":{"uv":[7.5,4.4375,8.1875,4.75],"rotation":0,"texture":"#0","tintindex":0},"south":{"uv":[0.0,0.0,0.0,0.3125],"rotation":0,"texture":"#0","tintindex":0},"north":{"uv":[0.0,0.0,0.0,0.3125],"rotation":0,"texture":"#0","tintindex":0},"west":{"uv":[7.5,2.34375,8.1875,2.65625],"rotation":0,"texture":"#0","tintindex":0},"up":{"uv":[0.0,0.6875,0.0,0.0],"rotation":0,"texture":"#0","tintindex":0},"down":{"uv":[0.0,0.0,0.0,0.6875],"rotation":0,"texture":"#0","tintindex":0}}}],"textures":{"0":"modelengine:entity/gm_sun_dragon"},"display":{"head":{"translation":[0.0,-6.4,0.0],"scale":[4.0,4.0,4.0]}}}