{"elements":[{"from":[6.857143,-5.1851664,3.787302],"to":[13.714286,11.386263,11.787302],"rotation":{"angle":-22.5,"axis":"x","origin":[4.0,7.9576917,9.501588]},"faces":{"east":{"uv":[5.625,6.28125,6.0625,6.96875],"rotation":0,"texture":"#0","tintindex":0},"south":{"uv":[3.25,7.75,3.5,8.4375],"rotation":0,"texture":"#0","tintindex":0},"north":{"uv":[2.375,7.6875,2.625,8.375],"rotation":0,"texture":"#0","tintindex":0},"west":{"uv":[6.0625,6.28125,6.5,6.96875],"rotation":0,"texture":"#0","tintindex":0},"up":{"uv":[0.25,8.75,0.0,8.3125],"rotation":0,"texture":"#0","tintindex":0},"down":{"uv":[1.4375,8.4375,1.6875,8.875],"rotation":0,"texture":"#0","tintindex":0}}}],"textures":{"0":"modelengine:entity/gm_sun_dragon"},"display":{"head":{"translation":[0.0,-6.4,0.0],"scale":[4.0,4.0,4.0]}}}