{"elements":[{"from":[6.4000006,6.724,-0.80000305],"to":[20.0,9.124,1.5999975],"rotation":{"angle":-22.5,"axis":"y","origin":[7.6000004,7.924,1.9999971]},"faces":{"east":{"uv":[0.5625,9.0625,0.75,9.25],"rotation":0,"texture":"#0","tintindex":0},"south":{"uv":[7.375,7.59375,8.4375,7.78125],"rotation":0,"texture":"#0","tintindex":0},"north":{"uv":[7.65625,5.5,8.71875,5.6875],"rotation":0,"texture":"#0","tintindex":0},"west":{"uv":[0.75,9.0625,0.9375,9.25],"rotation":0,"texture":"#0","tintindex":0},"up":{"uv":[8.4375,7.78125,7.375,7.59375],"rotation":0,"texture":"#0","tintindex":0},"down":{"uv":[8.4375,7.59375,7.375,7.78125],"rotation":0,"texture":"#0","tintindex":0}}},{"from":[17.295418,6.732,8.623264],"to":[26.07942,9.116,11.007263],"rotation":{"angle":-45.0,"axis":"y","origin":[24.087418,7.924,9.815264]},"faces":{"east":{"uv":[9.03125,5.5,9.21875,5.6875],"rotation":0,"texture":"#0","tintindex":0},"south":{"uv":[8.25,6.90625,8.9375,7.09375],"rotation":0,"texture":"#0","tintindex":0},"north":{"uv":[8.25,6.71875,8.9375,6.90625],"rotation":0,"texture":"#0","tintindex":0},"west":{"uv":[6.5625,9.03125,6.75,9.21875],"rotation":0,"texture":"#0","tintindex":0},"up":{"uv":[8.9375,7.09375,8.25,6.90625],"rotation":0,"texture":"#0","tintindex":0},"down":{"uv":[8.9375,6.90625,8.25,7.09375],"rotation":0,"texture":"#0","tintindex":0}}},{"from":[23.938847,6.716,10.380949],"to":[26.338846,9.116,19.180948],"rotation":{"angle":0.0,"axis":"y","origin":[28.338846,7.916,11.58095]},"faces":{"east":{"uv":[8.1875,4.46875,8.875,4.65625],"rotation":0,"texture":"#0","tintindex":0},"south":{"uv":[8.125,9.03125,8.3125,9.21875],"rotation":0,"texture":"#0","tintindex":0},"north":{"uv":[7.3125,9.03125,7.5,9.21875],"rotation":0,"texture":"#0","tintindex":0},"west":{"uv":[8.1875,4.46875,8.875,4.65625],"rotation":0,"texture":"#0","tintindex":0},"up":{"uv":[8.125,8.90625,7.9375,8.21875],"rotation":0,"texture":"#0","tintindex":0},"down":{"uv":[4.75,8.03125,4.5625,8.71875],"rotation":0,"texture":"#0","tintindex":0}}},{"from":[-4.0,8.004,-0.80000305],"to":[32.0,8.034,32.0],"rotation":{"angle":0.0,"axis":"y","origin":[7.6000004,7.924,1.9999971]},"faces":{"east":{"uv":[8.4375,6.3125,11.0,6.34375],"rotation":0,"texture":"#0","tintindex":0},"south":{"uv":[8.46875,6.03125,10.46875,6.0625],"rotation":0,"texture":"#0","tintindex":0},"north":{"uv":[8.46875,6.0,10.46875,6.03125],"rotation":0,"texture":"#0","tintindex":0},"west":{"uv":[8.4375,6.34375,11.0,6.375],"rotation":0,"texture":"#0","tintindex":0},"up":{"uv":[3.875,2.5625,0.0,0.0],"rotation":0,"texture":"#0","tintindex":0},"down":{"uv":[3.84375,0.0,0.0,2.5625],"rotation":0,"texture":"#0","tintindex":0}}}],"textures":{"0":"modelengine:entity/gm_sun_dragon"},"display":{"head":{"translation":[6.4124374,-6.4,15.832146],"scale":[4.0,4.0,4.0]}}}