{"elements":[{"from":[-4.000001,6.724,-0.80000305],"to":[9.599999,9.124,1.5999975],"rotation":{"angle":22.5,"axis":"y","origin":[8.4,7.924,1.9999971]},"faces":{"east":{"uv":[3.1875,9.03125,3.375,9.21875],"rotation":0,"texture":"#0","tintindex":0},"south":{"uv":[7.65625,5.5,8.71875,5.6875],"rotation":0,"texture":"#0","tintindex":0},"north":{"uv":[7.375,7.59375,8.4375,7.78125],"rotation":0,"texture":"#0","tintindex":0},"west":{"uv":[3.375,9.03125,3.5625,9.21875],"rotation":0,"texture":"#0","tintindex":0},"up":{"uv":[8.71875,5.6875,7.65625,5.5],"rotation":0,"texture":"#0","tintindex":0},"down":{"uv":[8.71875,5.5,7.65625,5.6875],"rotation":0,"texture":"#0","tintindex":0}}},{"from":[-10.07942,6.732,8.623264],"to":[-1.2954187,9.116,11.007263],"rotation":{"angle":45.0,"axis":"y","origin":[-8.087418,7.924,9.815264]},"faces":{"east":{"uv":[0.1875,9.0625,0.375,9.25],"rotation":0,"texture":"#0","tintindex":0},"south":{"uv":[8.25,6.71875,8.9375,6.90625],"rotation":0,"texture":"#0","tintindex":0},"north":{"uv":[8.25,6.90625,8.9375,7.09375],"rotation":0,"texture":"#0","tintindex":0},"west":{"uv":[0.375,9.0625,0.5625,9.25],"rotation":0,"texture":"#0","tintindex":0},"up":{"uv":[8.9375,6.90625,8.25,6.71875],"rotation":0,"texture":"#0","tintindex":0},"down":{"uv":[8.9375,6.71875,8.25,6.90625],"rotation":0,"texture":"#0","tintindex":0}}},{"from":[-10.338846,6.716,10.380949],"to":[-7.9388466,9.116,19.180948],"rotation":{"angle":0.0,"axis":"y","origin":[-9.138847,7.916,14.78095]},"faces":{"east":{"uv":[8.1875,4.46875,8.875,4.65625],"rotation":0,"texture":"#0","tintindex":0},"south":{"uv":[5.0625,9.03125,5.25,9.21875],"rotation":0,"texture":"#0","tintindex":0},"north":{"uv":[3.5625,9.03125,3.75,9.21875],"rotation":0,"texture":"#0","tintindex":0},"west":{"uv":[8.21875,0.0,8.90625,0.1875],"rotation":0,"texture":"#0","tintindex":0},"up":{"uv":[4.75,8.71875,4.5625,8.03125],"rotation":0,"texture":"#0","tintindex":0},"down":{"uv":[5.75,8.0625,5.5625,8.75],"rotation":0,"texture":"#0","tintindex":0}}},{"from":[-16.0,8.004,-0.80000305],"to":[20.0,8.164,32.0],"rotation":{"angle":0.0,"axis":"y","origin":[8.4,7.924,1.9999971]},"faces":{"east":{"uv":[7.75,5.4375,10.3125,5.46875],"rotation":0,"texture":"#0","tintindex":0},"south":{"uv":[8.46875,5.96875,10.46875,6.0],"rotation":0,"texture":"#0","tintindex":0},"north":{"uv":[8.46875,5.9375,10.46875,5.96875],"rotation":0,"texture":"#0","tintindex":0},"west":{"uv":[7.75,5.46875,10.3125,5.5],"rotation":0,"texture":"#0","tintindex":0},"up":{"uv":[3.875,2.5625,0.0,0.0],"rotation":0,"texture":"#0","tintindex":0},"down":{"uv":[3.875,0.0,0.0,2.5625],"rotation":0,"texture":"#0","tintindex":0}}}],"textures":{"0":"modelengine:entity/gm_sun_dragon"},"display":{"head":{"translation":[-6.4124374,-6.4,15.832146],"scale":[4.0,4.0,4.0]}}}