{"elements":[{"from":[4.428571,2.408156,5.967566],"to":[11.571428,10.979585,22.396137],"rotation":{"angle":22.5,"axis":"x","origin":[7.285714,4.8419886,14.79139]},"faces":{"east":{"uv":[6.9375,5.5,7.65625,5.875],"rotation":0,"texture":"#0","tintindex":0},"south":{"uv":[6.1875,8.28125,6.5,8.65625],"rotation":0,"texture":"#0","tintindex":0},"north":{"uv":[8.28125,1.1875,8.59375,1.5625],"rotation":0,"texture":"#0","tintindex":0},"west":{"uv":[6.9375,5.875,7.65625,6.25],"rotation":0,"texture":"#0","tintindex":0},"up":{"uv":[4.4375,8.03125,4.125,7.3125],"rotation":0,"texture":"#0","tintindex":0},"down":{"uv":[7.78125,0.3125,7.46875,1.03125],"rotation":0,"texture":"#0","tintindex":0}}}],"textures":{"0":"modelengine:entity/gm_sun_dragon"},"display":{"head":{"translation":[0.0,-6.4,0.0],"scale":[4.0,4.0,4.0]}}}