{"elements":[{"from":[5.714286,0.4114914,5.5884333],"to":[9.142858,10.6972065,11.302719],"rotation":{"angle":22.5,"axis":"x","origin":[8.571428,9.325778,7.1884336]},"faces":{"east":{"uv":[1.75,7.6875,2.0625,8.25],"rotation":0,"texture":"#0","tintindex":0},"south":{"uv":[0.4375,8.5,0.625,9.0625],"rotation":0,"texture":"#0","tintindex":0},"north":{"uv":[0.25,8.5,0.4375,9.0625],"rotation":0,"texture":"#0","tintindex":0},"west":{"uv":[2.0625,7.6875,2.375,8.25],"rotation":0,"texture":"#0","tintindex":0},"up":{"uv":[5.5,9.09375,5.3125,8.78125],"rotation":0,"texture":"#0","tintindex":0},"down":{"uv":[1.3125,8.8125,1.125,9.125],"rotation":0,"texture":"#0","tintindex":0}}}],"textures":{"0":"modelengine:entity/gm_sun_dragon"},"display":{"head":{"translation":[0.0,-6.4,0.0],"scale":[4.0,4.0,4.0]}}}