{"elements":[{"from":[6.857143,0.4114914,5.5884333],"to":[10.285714,10.6972065,11.302719],"rotation":{"angle":22.5,"axis":"x","origin":[7.428571,9.325778,7.1884336]},"faces":{"east":{"uv":[7.75,2.65625,8.0625,3.21875],"rotation":0,"texture":"#0","tintindex":0},"south":{"uv":[4.375,8.5,4.5625,9.0625],"rotation":0,"texture":"#0","tintindex":0},"north":{"uv":[4.1875,8.5,4.375,9.0625],"rotation":0,"texture":"#0","tintindex":0},"west":{"uv":[2.9375,7.75,3.25,8.3125],"rotation":0,"texture":"#0","tintindex":0},"up":{"uv":[9.03125,1.375,8.84375,1.0625],"rotation":0,"texture":"#0","tintindex":0},"down":{"uv":[7.3125,8.84375,7.125,9.15625],"rotation":0,"texture":"#0","tintindex":0}}}],"textures":{"0":"modelengine:entity/gm_sun_dragon"},"display":{"head":{"translation":[0.0,-6.4,0.0],"scale":[4.0,4.0,4.0]}}}