{"elements":[{"from":[4.428571,4.807205,-9.824266],"to":[10.142858,11.950063,7.318592],"rotation":{"angle":0.0,"axis":"y","origin":[8.0,8.0,-3.7298336]},"faces":{"east":{"uv":[7.0625,3.8125,7.8125,4.125],"rotation":0,"texture":"#0","tintindex":0},"south":{"uv":[8.59375,1.0625,8.84375,1.375],"rotation":0,"texture":"#0","tintindex":0},"north":{"uv":[8.5625,4.125,8.8125,4.4375],"rotation":0,"texture":"#0","tintindex":0},"west":{"uv":[7.46875,0.0,8.21875,0.3125],"rotation":0,"texture":"#0","tintindex":0},"up":{"uv":[6.5,8.28125,6.25,7.53125],"rotation":0,"texture":"#0","tintindex":0},"down":{"uv":[1.75,7.6875,1.5,8.4375],"rotation":0,"texture":"#0","tintindex":0}}},{"from":[5.428571,7.6272626,5.026331],"to":[9.142858,12.770121,13.740618],"rotation":{"angle":-22.5,"axis":"x","origin":[7.285714,7.888263,11.442242]},"faces":{"east":{"uv":[8.46875,5.6875,8.875,5.9375],"rotation":0,"texture":"#0","tintindex":0},"south":{"uv":[8.96875,0.15625,9.15625,0.40625],"rotation":0,"texture":"#0","tintindex":0},"north":{"uv":[8.9375,6.65625,9.125,6.90625],"rotation":0,"texture":"#0","tintindex":0},"west":{"uv":[8.5,7.78125,8.90625,8.03125],"rotation":0,"texture":"#0","tintindex":0},"up":{"uv":[6.375,9.0625,6.1875,8.65625],"rotation":0,"texture":"#0","tintindex":0},"down":{"uv":[6.5625,8.65625,6.375,9.0625],"rotation":0,"texture":"#0","tintindex":0}}},{"from":[7.285714,5.629841,4.8571424],"to":[7.285714,28.486984,32.0],"rotation":{"angle":-22.5,"axis":"x","origin":[7.285714,16.058413,21.857145]},"faces":{"east":{"uv":[5.3125,2.3125,6.5,3.3125],"rotation":0,"texture":"#0","tintindex":0},"south":{"uv":[0.0,0.0,0.0,1.0],"rotation":0,"texture":"#0","tintindex":0},"north":{"uv":[0.0,0.0,0.0,1.0],"rotation":0,"texture":"#0","tintindex":0},"west":{"uv":[5.3125,3.3125,6.5,4.3125],"rotation":0,"texture":"#0","tintindex":0},"up":{"uv":[0.0,1.1875,0.0,0.0],"rotation":0,"texture":"#0","tintindex":0},"down":{"uv":[0.0,0.0,0.0,1.1875],"rotation":0,"texture":"#0","tintindex":0}}}],"textures":{"0":"modelengine:entity/gm_sun_dragon"},"display":{"head":{"translation":[0.0,-6.4,60.63362],"scale":[4.0,4.0,4.0]}}}