{"elements":[{"from":[3.44,0.9274707,13.810379],"to":[12.559999,10.618899,24.073236],"rotation":{"angle":0.0,"axis":"y","origin":[8.0,5.723864,20.775433]},"faces":{"east":{"uv":[6.5,3.6875,7.0625,4.21875],"rotation":0,"texture":"#0","tintindex":0},"south":{"uv":[7.0,4.21875,7.5,4.75],"rotation":0,"texture":"#0","tintindex":0},"north":{"uv":[5.5625,6.96875,6.0625,7.5],"rotation":0,"texture":"#0","tintindex":0},"west":{"uv":[6.5,6.28125,7.0625,6.8125],"rotation":0,"texture":"#0","tintindex":0},"up":{"uv":[7.0,7.375,6.5,6.8125],"rotation":0,"texture":"#0","tintindex":0},"down":{"uv":[5.0,6.90625,4.5,7.46875],"rotation":0,"texture":"#0","tintindex":0}}},{"from":[4.011429,-1.9749489,19.385876],"to":[11.988571,7.71648,29.648735],"rotation":{"angle":0.0,"axis":"y","origin":[8.0,5.723864,20.775433]},"faces":{"east":{"uv":[3.375,6.78125,3.9375,7.3125],"rotation":0,"texture":"#0","tintindex":0},"south":{"uv":[5.0,7.40625,5.4375,7.9375],"rotation":0,"texture":"#0","tintindex":0},"north":{"uv":[6.5,7.375,6.9375,7.90625],"rotation":0,"texture":"#0","tintindex":0},"west":{"uv":[3.9375,6.78125,3.375,7.3125],"rotation":0,"texture":"#0","tintindex":0},"up":{"uv":[6.5,7.53125,6.0625,6.96875],"rotation":0,"texture":"#0","tintindex":0},"down":{"uv":[4.125,7.3125,3.6875,7.875],"rotation":0,"texture":"#0","tintindex":0}}}],"textures":{"0":"modelengine:entity/gm_sun_dragon"},"display":{"head":{"translation":[0.0,-6.4,0.0],"scale":[4.0,4.0,4.0]}}}