{"elements":[{"from":[4.8055124,4.9244275,-1.2097921],"to":[11.639798,11.758713,11.910208],"rotation":{"angle":-45.0,"axis":"y","origin":[3.1637173,8.0,4.9229755]},"faces":{"east":{"uv":[8.0,6.125,8.4375,6.5],"rotation":0,"texture":"#0","tintindex":0},"south":{"uv":[1.0625,8.1875,1.4375,8.5625],"rotation":0,"texture":"#0","tintindex":0},"north":{"uv":[8.1875,4.09375,8.5625,4.46875],"rotation":0,"texture":"#0","tintindex":0},"west":{"uv":[8.0,7.09375,8.4375,7.46875],"rotation":0,"texture":"#0","tintindex":0},"up":{"uv":[8.40625,0.75,8.03125,0.3125],"rotation":0,"texture":"#0","tintindex":0},"down":{"uv":[4.25,8.03125,3.875,8.46875],"rotation":0,"texture":"#0","tintindex":0}}},{"from":[10.285714,5.714286,-3.4285717],"to":[13.714286,10.285714,4.5714283],"rotation":{"angle":-22.5,"axis":"y","origin":[12.0,8.0,0.5714283]},"faces":{"east":{"uv":[5.75,8.4375,6.1875,8.6875],"rotation":0,"texture":"#0","tintindex":0},"south":{"uv":[8.875,8.96875,9.0625,9.21875],"rotation":0,"texture":"#0","tintindex":0},"north":{"uv":[2.8125,8.96875,3.0,9.21875],"rotation":0,"texture":"#0","tintindex":0},"west":{"uv":[8.4375,6.0625,8.875,6.3125],"rotation":0,"texture":"#0","tintindex":0},"up":{"uv":[8.78125,1.0625,8.59375,0.625],"rotation":0,"texture":"#0","tintindex":0},"down":{"uv":[8.78125,0.625,8.59375,1.0625],"rotation":0,"texture":"#0","tintindex":0}}}],"textures":{"0":"modelengine:entity/gm_sun_dragon"},"display":{"head":{"translation":[0.0,-6.4,0.0],"scale":[4.0,4.0,4.0]}}}