{"elements":[{"from":[9.59293,4.704935,1.9756942],"to":[13.044358,8.1563635,7.712837],"rotation":{"angle":-22.5,"axis":"y","origin":[7.890072,6.4306493,2.5585513]},"faces":{"east":{"uv":[8.71875,5.5,9.03125,5.6875],"rotation":0,"texture":"#0","tintindex":0},"south":{"uv":[7.1875,8.03125,7.375,8.21875],"rotation":0,"texture":"#0","tintindex":0},"north":{"uv":[3.125,7.125,3.3125,7.3125],"rotation":0,"texture":"#0","tintindex":0},"west":{"uv":[8.75,7.59375,9.0625,7.78125],"rotation":0,"texture":"#0","tintindex":0},"up":{"uv":[4.0,9.125,3.8125,8.8125],"rotation":0,"texture":"#0","tintindex":0},"down":{"uv":[4.1875,8.8125,4.0,9.125],"rotation":0,"texture":"#0","tintindex":0}}},{"from":[7.8590136,4.2540574,-3.7642374],"to":[7.8590136,9.968344,8.807193],"rotation":{"angle":0.0,"axis":"y","origin":[7.973299,7.1112003,4.4643354]},"faces":{"east":{"uv":[7.5,2.03125,8.1875,2.34375],"rotation":0,"texture":"#0","tintindex":0},"south":{"uv":[0.0,0.0,0.0,0.3125],"rotation":0,"texture":"#0","tintindex":0},"north":{"uv":[0.0,0.0,0.0,0.3125],"rotation":0,"texture":"#0","tintindex":0},"west":{"uv":[7.5,4.125,8.1875,4.4375],"rotation":0,"texture":"#0","tintindex":0},"up":{"uv":[0.0,0.6875,0.0,0.0],"rotation":0,"texture":"#0","tintindex":0},"down":{"uv":[0.0,0.0,0.0,0.6875],"rotation":0,"texture":"#0","tintindex":0}}},{"from":[5.7409863,4.2540574,-2.6213799],"to":[5.7409863,9.968344,9.95005],"rotation":{"angle":22.5,"axis":"y","origin":[5.6267004,7.1112003,5.6071925]},"faces":{"east":{"uv":[7.5,4.4375,8.1875,4.75],"rotation":0,"texture":"#0","tintindex":0},"south":{"uv":[0.0,0.0,0.0,0.3125],"rotation":0,"texture":"#0","tintindex":0},"north":{"uv":[0.0,0.0,0.0,0.3125],"rotation":0,"texture":"#0","tintindex":0},"west":{"uv":[7.5,2.34375,8.1875,2.65625],"rotation":0,"texture":"#0","tintindex":0},"up":{"uv":[0.0,0.6875,0.0,0.0],"rotation":0,"texture":"#0","tintindex":0},"down":{"uv":[0.0,0.0,0.0,0.6875],"rotation":0,"texture":"#0","tintindex":0}}},{"from":[10.144728,4.2540574,-3.1928082],"to":[10.144728,9.968344,9.378621],"rotation":{"angle":-22.5,"axis":"y","origin":[10.259014,7.1112003,5.0357637]},"faces":{"east":{"uv":[7.5,2.03125,8.1875,2.34375],"rotation":0,"texture":"#0","tintindex":0},"south":{"uv":[0.0,0.0,0.0,0.3125],"rotation":0,"texture":"#0","tintindex":0},"north":{"uv":[0.0,0.0,0.0,0.3125],"rotation":0,"texture":"#0","tintindex":0},"west":{"uv":[7.5,4.125,8.1875,4.4375],"rotation":0,"texture":"#0","tintindex":0},"up":{"uv":[0.0,0.6875,0.0,0.0],"rotation":0,"texture":"#0","tintindex":0},"down":{"uv":[0.0,0.0,0.0,0.6875],"rotation":0,"texture":"#0","tintindex":0}}},{"from":[8.132373,4.980932,11.597875],"to":[8.132373,9.552361,17.31216],"rotation":{"angle":0.0,"axis":"y","origin":[7.560944,6.1237893,12.855018]},"faces":{"east":{"uv":[7.1875,8.59375,7.5,8.84375],"rotation":0,"texture":"#0","tintindex":0},"south":{"uv":[0.0,0.0,0.0,0.25],"rotation":0,"texture":"#0","tintindex":0},"north":{"uv":[0.0,0.0,0.0,0.25],"rotation":0,"texture":"#0","tintindex":0},"west":{"uv":[7.5,8.59375,7.8125,8.84375],"rotation":0,"texture":"#0","tintindex":0},"up":{"uv":[0.0,0.3125,0.0,0.0],"rotation":0,"texture":"#0","tintindex":0},"down":{"uv":[0.0,0.0,0.0,0.3125],"rotation":0,"texture":"#0","tintindex":0}}},{"from":[6.4295154,4.7277927,10.180899],"to":[9.83523,8.133507,12.443756],"rotation":{"angle":0.0,"axis":"y","origin":[6.9895153,6.4306498,6.1694694]},"faces":{"east":{"uv":[6.9375,3.5,7.0625,3.6875],"rotation":0,"texture":"#0","tintindex":0},"south":{"uv":[9.0,5.1875,9.1875,5.375],"rotation":0,"texture":"#0","tintindex":0},"north":{"uv":[8.9375,6.90625,9.125,7.09375],"rotation":0,"texture":"#0","tintindex":0},"west":{"uv":[7.75,3.21875,7.875,3.40625],"rotation":0,"texture":"#0","tintindex":0},"up":{"uv":[3.125,7.75,2.9375,7.625],"rotation":0,"texture":"#0","tintindex":0},"down":{"uv":[7.84375,6.125,7.65625,6.25],"rotation":0,"texture":"#0","tintindex":0}}},{"from":[3.2203875,4.704935,1.9756942],"to":[6.671816,8.1563635,7.712837],"rotation":{"angle":22.5,"axis":"y","origin":[8.374674,6.4306493,2.5585513]},"faces":{"east":{"uv":[8.78125,0.875,9.09375,1.0625],"rotation":0,"texture":"#0","tintindex":0},"south":{"uv":[5.5,9.0,5.6875,9.1875],"rotation":0,"texture":"#0","tintindex":0},"north":{"uv":[3.125,7.125,3.3125,7.3125],"rotation":0,"texture":"#0","tintindex":0},"west":{"uv":[8.8125,4.125,9.125,4.3125],"rotation":0,"texture":"#0","tintindex":0},"up":{"uv":[4.0,9.125,3.8125,8.8125],"rotation":0,"texture":"#0","tintindex":0},"down":{"uv":[4.1875,8.8125,4.0,9.125],"rotation":0,"texture":"#0","tintindex":0}}},{"from":[6.2946734,4.6935062,1.9642653],"to":[9.768959,8.167792,7.724266],"rotation":{"angle":0.0,"axis":"y","origin":[11.231816,6.4306493,2.5585513]},"faces":{"east":{"uv":[8.8125,8.03125,9.125,8.21875],"rotation":0,"texture":"#0","tintindex":0},"south":{"uv":[9.0,7.09375,9.1875,7.28125],"rotation":0,"texture":"#0","tintindex":0},"north":{"uv":[3.125,7.125,3.3125,7.3125],"rotation":0,"texture":"#0","tintindex":0},"west":{"uv":[8.8125,8.21875,9.125,8.40625],"rotation":0,"texture":"#0","tintindex":0},"up":{"uv":[4.0,9.125,3.8125,8.8125],"rotation":0,"texture":"#0","tintindex":0},"down":{"uv":[4.1875,8.8125,4.0,9.125],"rotation":0,"texture":"#0","tintindex":0}}},{"from":[5.2752295,4.716364,5.140898],"to":[10.989515,9.287792,10.855185],"rotation":{"angle":0.0,"axis":"y","origin":[9.389516,14.773507,8.3408985]},"faces":{"east":{"uv":[3.5,8.625,3.8125,8.875],"rotation":0,"texture":"#0","tintindex":0},"south":{"uv":[4.75,8.625,5.0625,8.875],"rotation":0,"texture":"#0","tintindex":0},"north":{"uv":[1.6875,8.625,2.0,8.875],"rotation":0,"texture":"#0","tintindex":0},"west":{"uv":[8.625,6.4375,8.9375,6.6875],"rotation":0,"texture":"#0","tintindex":0},"up":{"uv":[7.1875,8.8125,6.875,8.5],"rotation":0,"texture":"#0","tintindex":0},"down":{"uv":[8.8125,8.03125,8.5,8.34375],"rotation":0,"texture":"#0","tintindex":0}}}],"textures":{"0":"modelengine:entity/gm_sun_dragon"},"display":{"head":{"translation":[0.0,-6.4,0.0],"scale":[4.0,4.0,4.0]}}}