{"elements":[{"from":[4.5515,3.3833566,5.3576427],"to":[8.582214,8.492643,10.642357],"rotation":{"angle":0.0,"axis":"y","origin":[13.239929,-23.753073,6.7012143]},"faces":{"east":{"uv":[6.1875,1.0625,6.75,1.5625],"rotation":0,"texture":"#0","tintindex":0},"south":{"uv":[7.75,1.0625,8.1875,1.5625],"rotation":0,"texture":"#0","tintindex":0},"north":{"uv":[6.75,1.0625,7.1875,1.5625],"rotation":0,"texture":"#0","tintindex":0},"west":{"uv":[7.1875,1.0625,7.75,1.5625],"rotation":0,"texture":"#0","tintindex":0},"up":{"uv":[7.1875,1.0625,6.75,0.5],"rotation":0,"texture":"#0","tintindex":0},"down":{"uv":[7.625,0.5,7.1875,1.0625],"rotation":0,"texture":"#0","tintindex":0}}},{"from":[4.050257,6.70973,4.6997857],"to":[7.3464003,10.280159,11.300215],"rotation":{"angle":0.0,"axis":"y","origin":[10.498329,7.6378016,8.0]},"faces":{"east":{"uv":[5.3125,6.0625,6.0,6.4375],"rotation":0,"texture":"#0","tintindex":0},"south":{"uv":[7.0,6.0625,7.3125,6.4375],"rotation":0,"texture":"#0","tintindex":0},"north":{"uv":[6.0,6.0625,6.3125,6.4375],"rotation":0,"texture":"#0","tintindex":0},"west":{"uv":[6.3125,6.0625,7.0,6.4375],"rotation":0,"texture":"#0","tintindex":0},"up":{"uv":[6.3125,6.0625,6.0,5.375],"rotation":0,"texture":"#0","tintindex":0},"down":{"uv":[6.625,5.375,6.3125,6.0625],"rotation":0,"texture":"#0","tintindex":0}}},{"from":[2.6788282,9.658301,5.3169284],"to":[5.9749713,11.857302,10.545929],"rotation":{"angle":-45.0,"axis":"z","origin":[4.3269,10.757802,7.9314284]},"faces":{"east":{"uv":[7.5,6.75,8.0625,6.9375],"rotation":0,"texture":"#0","tintindex":0},"south":{"uv":[8.9375,6.75,9.25,6.9375],"rotation":0,"texture":"#0","tintindex":0},"north":{"uv":[8.0625,6.75,8.375,6.9375],"rotation":0,"texture":"#0","tintindex":0},"west":{"uv":[8.375,6.75,8.9375,6.9375],"rotation":0,"texture":"#0","tintindex":0},"up":{"uv":[8.375,6.75,8.0625,6.1875],"rotation":0,"texture":"#0","tintindex":0},"down":{"uv":[8.6875,6.1875,8.375,6.75],"rotation":0,"texture":"#0","tintindex":0}}}],"textures":{"0":"modelengine:entity/darkguard_sword_punch"},"display":{"head":{"translation":[0.0,-6.4,0.0],"scale":[4.0,4.0,4.0]}}}