{"elements":[{"from":[7.503774,3.3871284,5.3845143],"to":[11.534489,8.420986,10.669229],"rotation":{"angle":0.0,"axis":"y","origin":[2.8460598,-23.82473,6.7280855]},"faces":{"east":{"uv":[0.0,5.9375,0.5625,6.4375],"rotation":0,"texture":"#0","tintindex":0},"south":{"uv":[1.5625,5.9375,2.0,6.4375],"rotation":0,"texture":"#0","tintindex":0},"north":{"uv":[0.5625,5.9375,1.0,6.4375],"rotation":0,"texture":"#0","tintindex":0},"west":{"uv":[1.0,5.9375,1.5625,6.4375],"rotation":0,"texture":"#0","tintindex":0},"up":{"uv":[1.0,5.9375,0.5625,5.375],"rotation":0,"texture":"#0","tintindex":0},"down":{"uv":[1.4375,5.375,1.0,5.9375],"rotation":0,"texture":"#0","tintindex":0}}},{"from":[8.791785,6.661376,4.726657],"to":[12.087929,10.231805,11.3270855],"rotation":{"angle":0.0,"axis":"y","origin":[4.9541426,7.303733,8.026872]},"faces":{"east":{"uv":[1.875,5.375,2.5625,5.75],"rotation":0,"texture":"#0","tintindex":0},"south":{"uv":[3.5625,5.375,3.875,5.75],"rotation":0,"texture":"#0","tintindex":0},"north":{"uv":[2.5625,5.375,2.875,5.75],"rotation":0,"texture":"#0","tintindex":0},"west":{"uv":[2.875,5.375,3.5625,5.75],"rotation":0,"texture":"#0","tintindex":0},"up":{"uv":[2.875,5.375,2.5625,4.6875],"rotation":0,"texture":"#0","tintindex":0},"down":{"uv":[3.1875,4.6875,2.875,5.375],"rotation":0,"texture":"#0","tintindex":0}}},{"from":[10.163214,9.324233,5.3438],"to":[13.459356,11.523233,10.5728],"rotation":{"angle":45.0,"axis":"z","origin":[11.811285,10.423733,7.9583]},"faces":{"east":{"uv":[2.5,0.5625,3.0625,0.75],"rotation":0,"texture":"#0","tintindex":0},"south":{"uv":[3.9375,0.5625,4.25,0.75],"rotation":0,"texture":"#0","tintindex":0},"north":{"uv":[3.0625,0.5625,3.375,0.75],"rotation":0,"texture":"#0","tintindex":0},"west":{"uv":[3.375,0.5625,3.9375,0.75],"rotation":0,"texture":"#0","tintindex":0},"up":{"uv":[3.375,0.5625,3.0625,0.0],"rotation":0,"texture":"#0","tintindex":0},"down":{"uv":[3.6875,0.0,3.375,0.5625],"rotation":0,"texture":"#0","tintindex":0}}}],"textures":{"0":"modelengine:entity/darkguard_sword_punch"},"display":{"head":{"translation":[0.0,-6.4,0.0],"scale":[4.0,4.0,4.0]}}}