{"elements":[{"from":[5.0414286,7.1455736,5.217],"to":[10.958571,11.997003,11.100429],"rotation":{"angle":0.0,"axis":"y","origin":[7.622857,-16.143,6.621857]},"faces":{"east":{"uv":[0.0,4.8125,0.625,5.3125],"rotation":0,"texture":"#0","tintindex":0},"south":{"uv":[1.875,4.8125,2.5,5.3125],"rotation":0,"texture":"#0","tintindex":0},"north":{"uv":[0.625,4.8125,1.25,5.3125],"rotation":0,"texture":"#0","tintindex":0},"west":{"uv":[1.25,4.8125,1.875,5.3125],"rotation":0,"texture":"#0","tintindex":0},"up":{"uv":[1.25,4.8125,0.625,4.1875],"rotation":0,"texture":"#0","tintindex":0},"down":{"uv":[1.875,4.1875,1.25,4.8125],"rotation":0,"texture":"#0","tintindex":0}}},{"from":[3.221714,5.184,3.9347138],"to":[6.609286,7.4515715,11.906571],"rotation":{"angle":-22.5,"axis":"z","origin":[8.0,4.809214,7.920643]},"faces":{"east":{"uv":[4.4375,4.6875,5.25,4.875],"rotation":0,"texture":"#0","tintindex":0},"south":{"uv":[6.375,4.6875,6.6875,4.875],"rotation":0,"texture":"#0","tintindex":0},"north":{"uv":[5.25,4.6875,5.5625,4.875],"rotation":0,"texture":"#0","tintindex":0},"west":{"uv":[5.5625,4.6875,6.375,4.875],"rotation":0,"texture":"#0","tintindex":0},"up":{"uv":[5.5625,4.6875,5.25,3.875],"rotation":0,"texture":"#0","tintindex":0},"down":{"uv":[5.875,3.875,5.5625,4.6875],"rotation":0,"texture":"#0","tintindex":0}}},{"from":[6.6045713,5.485714,3.5575714],"to":[9.324715,8.130428,6.3568573],"rotation":{"angle":0.0,"axis":"y","origin":[8.0,4.809214,7.920643]},"faces":{"east":{"uv":[5.25,7.5625,5.5,7.8125],"rotation":0,"texture":"#0","tintindex":0},"south":{"uv":[6.0,7.5625,6.25,7.8125],"rotation":0,"texture":"#0","tintindex":0},"north":{"uv":[5.5,7.5625,5.75,7.8125],"rotation":0,"texture":"#0","tintindex":0},"west":{"uv":[5.75,7.5625,6.0,7.8125],"rotation":0,"texture":"#0","tintindex":0},"up":{"uv":[5.75,7.5625,5.5,7.3125],"rotation":0,"texture":"#0","tintindex":0},"down":{"uv":[6.0,7.3125,5.75,7.5625],"rotation":0,"texture":"#0","tintindex":0}}},{"from":[9.390715,5.184,3.9347138],"to":[12.778286,7.4515715,11.906571],"rotation":{"angle":22.5,"axis":"z","origin":[8.0,4.809214,7.920643]},"faces":{"east":{"uv":[4.4375,4.6875,5.25,4.875],"rotation":0,"texture":"#0","tintindex":0},"south":{"uv":[6.375,4.6875,6.6875,4.875],"rotation":0,"texture":"#0","tintindex":0},"north":{"uv":[5.25,4.6875,5.5625,4.875],"rotation":0,"texture":"#0","tintindex":0},"west":{"uv":[5.5625,4.6875,6.375,4.875],"rotation":0,"texture":"#0","tintindex":0},"up":{"uv":[5.5625,4.6875,5.25,3.875],"rotation":0,"texture":"#0","tintindex":0},"down":{"uv":[5.875,3.875,5.5625,4.6875],"rotation":0,"texture":"#0","tintindex":0}}}],"textures":{"0":"modelengine:entity/darkguard_sword_punch"},"display":{"head":{"translation":[0.0,-6.4,0.0],"scale":[4.0,4.0,4.0]}}}