{"elements":[{"from":[5.0414286,11.997,5.217],"to":[10.958571,17.259857,11.100429],"rotation":{"angle":0.0,"axis":"y","origin":[7.622857,-16.091574,6.621857]},"faces":{"east":{"uv":[2.6875,4.0625,3.3125,4.625],"rotation":0,"texture":"#0","tintindex":0},"south":{"uv":[4.5625,4.0625,5.1875,4.625],"rotation":0,"texture":"#0","tintindex":0},"north":{"uv":[3.3125,4.0625,3.9375,4.625],"rotation":0,"texture":"#0","tintindex":0},"west":{"uv":[3.9375,4.0625,4.5625,4.625],"rotation":0,"texture":"#0","tintindex":0},"up":{"uv":[3.9375,4.0625,3.3125,3.4375],"rotation":0,"texture":"#0","tintindex":0},"down":{"uv":[4.5625,3.4375,3.9375,4.0625],"rotation":0,"texture":"#0","tintindex":0}}}],"textures":{"0":"modelengine:entity/darkguard_sword_punch"},"display":{"head":{"translation":[0.0,-6.4,0.0],"scale":[4.0,4.0,4.0]}}}