{"elements":[{"from":[4.0499,8.010354,4.2794547],"to":[11.9501,16.023415,12.179655],"rotation":{"angle":0.0,"axis":"y","origin":[8.0,12.016885,8.229555]},"faces":{"east":{"uv":[0.0,0.8125,0.8125,1.6875],"rotation":0,"texture":"#0","tintindex":0},"south":{"uv":[2.4375,0.8125,3.25,1.6875],"rotation":0,"texture":"#0","tintindex":0},"north":{"uv":[0.8125,0.8125,1.625,1.6875],"rotation":0,"texture":"#0","tintindex":0},"west":{"uv":[1.625,0.8125,2.4375,1.6875],"rotation":0,"texture":"#0","tintindex":0},"up":{"uv":[1.625,0.8125,0.8125,0.0],"rotation":0,"texture":"#0","tintindex":0},"down":{"uv":[2.4375,0.0,1.625,0.8125],"rotation":0,"texture":"#0","tintindex":0}}},{"from":[3.9777713,9.026944,11.339569],"to":[12.060415,13.783187,13.762241],"rotation":{"angle":22.5,"axis":"x","origin":[8.019093,12.2875805,12.95822]},"faces":{"east":{"uv":[4.125,6.75,4.375,7.25],"rotation":0,"texture":"#0","tintindex":0},"south":{"uv":[5.5,6.75,6.375,7.25],"rotation":0,"texture":"#0","tintindex":0},"north":{"uv":[4.375,6.75,5.25,7.25],"rotation":0,"texture":"#0","tintindex":0},"west":{"uv":[5.25,6.75,5.5,7.25],"rotation":0,"texture":"#0","tintindex":0},"up":{"uv":[5.25,6.75,4.375,6.5],"rotation":0,"texture":"#0","tintindex":0},"down":{"uv":[6.125,6.5,5.25,6.75],"rotation":0,"texture":"#0","tintindex":0}}},{"from":[10.922996,11.838995,6.509512],"to":[16.654696,13.879808,9.846326],"rotation":{"angle":45.0,"axis":"y","origin":[14.203388,12.843973,7.8264656]},"faces":{"east":{"uv":[0.8125,8.625,1.0,8.9375],"rotation":90,"texture":"#0","tintindex":0},"south":{"uv":[1.1875,8.125,1.0,8.625],"rotation":270,"texture":"#0","tintindex":0},"north":{"uv":[1.0,8.625,0.8125,8.125],"rotation":270,"texture":"#0","tintindex":0},"west":{"uv":[1.5,8.625,1.6875,8.9375],"rotation":270,"texture":"#0","tintindex":0},"up":{"uv":[0.3125,8.625,0.8125,8.9375],"rotation":0,"texture":"#0","tintindex":0},"down":{"uv":[1.0,8.625,1.5,8.9375],"rotation":180,"texture":"#0","tintindex":0}}},{"from":[14.320437,12.20928,3.1515017],"to":[16.934423,13.447809,6.9820304],"rotation":{"angle":-22.5,"axis":"y","origin":[15.574816,12.843973,6.1121798]},"faces":{"east":{"uv":[1.875,0.4375,2.0,0.8125],"rotation":90,"texture":"#0","tintindex":0},"south":{"uv":[2.125,0.1875,2.0,0.4375],"rotation":270,"texture":"#0","tintindex":0},"north":{"uv":[2.0,0.4375,1.875,0.1875],"rotation":270,"texture":"#0","tintindex":0},"west":{"uv":[2.25,0.4375,2.375,0.8125],"rotation":270,"texture":"#0","tintindex":0},"up":{"uv":[1.625,0.4375,1.875,0.8125],"rotation":0,"texture":"#0","tintindex":0},"down":{"uv":[2.0,0.4375,2.25,0.8125],"rotation":180,"texture":"#0","tintindex":0}}},{"from":[-0.646904,12.270994,3.0162716],"to":[1.9670811,13.509523,6.8468003],"rotation":{"angle":22.5,"axis":"y","origin":[0.90886784,12.87483,6.7672925]},"faces":{"east":{"uv":[2.1875,0.125,2.5625,0.25],"rotation":0,"texture":"#0","tintindex":0},"south":{"uv":[1.875,0.3125,2.125,0.4375],"rotation":0,"texture":"#0","tintindex":0},"north":{"uv":[1.875,0.1875,2.125,0.3125],"rotation":0,"texture":"#0","tintindex":0},"west":{"uv":[2.1875,0.125,2.5625,0.25],"rotation":0,"texture":"#0","tintindex":0},"up":{"uv":[1.875,0.8125,1.625,0.4375],"rotation":0,"texture":"#0","tintindex":0},"down":{"uv":[1.875,0.4375,1.625,0.8125],"rotation":0,"texture":"#0","tintindex":0}}},{"from":[5.3354855,13.778944,8.624141],"to":[10.7027,16.498615,11.72567],"rotation":{"angle":22.5,"axis":"x","origin":[8.019093,12.2875805,12.95822]},"faces":{"east":{"uv":[1.375,8.0625,1.6875,8.3125],"rotation":0,"texture":"#0","tintindex":0},"south":{"uv":[2.5625,8.0625,3.125,8.3125],"rotation":0,"texture":"#0","tintindex":0},"north":{"uv":[1.6875,8.0625,2.25,8.3125],"rotation":0,"texture":"#0","tintindex":0},"west":{"uv":[2.25,8.0625,2.5625,8.3125],"rotation":0,"texture":"#0","tintindex":0},"up":{"uv":[2.25,8.0625,1.6875,7.75],"rotation":0,"texture":"#0","tintindex":0},"down":{"uv":[2.8125,7.75,2.25,8.0625],"rotation":0,"texture":"#0","tintindex":0}}},{"from":[6.014343,15.136659,3.1932836],"to":[10.023843,18.320332,11.72567],"rotation":{"angle":-22.5,"axis":"x","origin":[8.019093,16.157066,7.4594765]},"faces":{"east":{"uv":[2.5,1.75,3.375,2.0625],"rotation":0,"texture":"#0","tintindex":0},"south":{"uv":[4.6875,1.75,5.125,2.0625],"rotation":0,"texture":"#0","tintindex":0},"north":{"uv":[3.375,1.75,3.8125,2.0625],"rotation":0,"texture":"#0","tintindex":0},"west":{"uv":[3.8125,1.75,4.6875,2.0625],"rotation":0,"texture":"#0","tintindex":0},"up":{"uv":[3.8125,1.75,3.375,0.875],"rotation":0,"texture":"#0","tintindex":0},"down":{"uv":[4.25,0.875,3.8125,1.75],"rotation":0,"texture":"#0","tintindex":0}}},{"from":[2.687943,13.589916,3.568369],"to":[7.4441857,15.916445,5.447955],"rotation":{"angle":-45.0,"axis":"x","origin":[8.0,14.75318,4.508162]},"faces":{"east":{"uv":[7.6875,0.75,7.875,1.0],"rotation":0,"texture":"#0","tintindex":0},"south":{"uv":[8.5625,0.75,9.0625,1.0],"rotation":0,"texture":"#0","tintindex":0},"north":{"uv":[7.875,0.75,8.375,1.0],"rotation":0,"texture":"#0","tintindex":0},"west":{"uv":[8.375,0.75,8.5625,1.0],"rotation":0,"texture":"#0","tintindex":0},"up":{"uv":[8.375,0.75,7.875,0.5625],"rotation":0,"texture":"#0","tintindex":0},"down":{"uv":[8.875,0.5625,8.375,0.75],"rotation":0,"texture":"#0","tintindex":0}}},{"from":[8.555814,13.589916,3.568369],"to":[13.3120575,15.916445,5.447955],"rotation":{"angle":-45.0,"axis":"x","origin":[8.0,14.75318,4.508162]},"faces":{"east":{"uv":[6.0,0.1875,6.1875,0.4375],"rotation":0,"texture":"#0","tintindex":0},"south":{"uv":[6.875,0.1875,7.375,0.4375],"rotation":0,"texture":"#0","tintindex":0},"north":{"uv":[6.1875,0.1875,6.6875,0.4375],"rotation":0,"texture":"#0","tintindex":0},"west":{"uv":[6.6875,0.1875,6.875,0.4375],"rotation":0,"texture":"#0","tintindex":0},"up":{"uv":[6.6875,0.1875,6.1875,0.0],"rotation":0,"texture":"#0","tintindex":0},"down":{"uv":[7.1875,0.0,6.6875,0.1875],"rotation":0,"texture":"#0","tintindex":0}}},{"from":[6.6932,12.42123,3.8721404],"to":[9.344986,15.140902,5.615955],"rotation":{"angle":0.0,"axis":"y","origin":[8.019093,12.2875805,12.95822]},"faces":{"east":{"uv":[1.0625,6.6875,1.25,6.9375],"rotation":0,"texture":"#0","tintindex":0},"south":{"uv":[1.6875,6.6875,1.9375,6.9375],"rotation":0,"texture":"#0","tintindex":0},"north":{"uv":[1.25,6.6875,1.5,6.9375],"rotation":0,"texture":"#0","tintindex":0},"west":{"uv":[1.5,6.6875,1.6875,6.9375],"rotation":0,"texture":"#0","tintindex":0},"up":{"uv":[1.5,6.6875,1.25,6.5],"rotation":0,"texture":"#0","tintindex":0},"down":{"uv":[1.75,6.5,1.5,6.6875],"rotation":0,"texture":"#0","tintindex":0}}},{"from":[7.310343,10.627273,3.8721404],"to":[8.727843,12.42123,5.615955],"rotation":{"angle":0.0,"axis":"y","origin":[8.019093,12.03648,12.95822]},"faces":{"east":{"uv":[0.0,0.1875,0.1875,0.375],"rotation":0,"texture":"#0","tintindex":0},"south":{"uv":[0.5,0.1875,0.625,0.375],"rotation":0,"texture":"#0","tintindex":0},"north":{"uv":[0.1875,0.1875,0.3125,0.375],"rotation":0,"texture":"#0","tintindex":0},"west":{"uv":[0.3125,0.1875,0.5,0.375],"rotation":0,"texture":"#0","tintindex":0},"up":{"uv":[0.3125,0.1875,0.1875,0.0],"rotation":0,"texture":"#0","tintindex":0},"down":{"uv":[0.4375,0.0,0.3125,0.1875],"rotation":0,"texture":"#0","tintindex":0}}},{"from":[11.271243,9.651566,5.621582],"to":[13.3120575,15.765524,11.57431],"rotation":{"angle":0.0,"axis":"y","origin":[8.0,14.066259,7.5796604]},"faces":{"east":{"uv":[6.4375,7.125,7.0625,7.75],"rotation":0,"texture":"#0","tintindex":0},"south":{"uv":[7.875,7.125,8.0625,7.75],"rotation":0,"texture":"#0","tintindex":0},"north":{"uv":[7.0625,7.125,7.25,7.75],"rotation":0,"texture":"#0","tintindex":0},"west":{"uv":[7.25,7.125,7.875,7.75],"rotation":0,"texture":"#0","tintindex":0},"up":{"uv":[7.25,7.125,7.0625,6.5],"rotation":0,"texture":"#0","tintindex":0},"down":{"uv":[7.4375,6.5,7.25,7.125],"rotation":0,"texture":"#0","tintindex":0}}},{"from":[2.687943,9.651566,5.621582],"to":[4.728757,15.765524,11.57431],"rotation":{"angle":0.0,"axis":"y",