{"elements":[{"from":[5.9492855,5.5366073,6.8152437],"to":[11.691286,8.459465,10.992101],"rotation":{"angle":-22.5,"axis":"x","origin":[11.818571,4.454857,8.113143]},"faces":{"east":{"uv":[6.3125,4.9375,6.75,5.25],"rotation":0,"texture":"#0","tintindex":0},"south":{"uv":[7.8125,4.9375,8.4375,5.25],"rotation":0,"texture":"#0","tintindex":0},"north":{"uv":[6.75,4.9375,7.375,5.25],"rotation":0,"texture":"#0","tintindex":0},"west":{"uv":[7.375,4.9375,7.8125,5.25],"rotation":0,"texture":"#0","tintindex":0},"up":{"uv":[7.375,4.9375,6.75,4.5],"rotation":0,"texture":"#0","tintindex":0},"down":{"uv":[8.0,4.5,7.375,4.9375],"rotation":0,"texture":"#0","tintindex":0}}},{"from":[6.5527143,2.7998276,5.7818356],"to":[11.012428,6.682685,9.958693],"rotation":{"angle":0.0,"axis":"y","origin":[10.630571,5.2212563,7.8702645]},"faces":{"east":{"uv":[3.4375,7.75,3.875,8.125],"rotation":0,"texture":"#0","tintindex":0},"south":{"uv":[4.75,7.75,5.1875,8.125],"rotation":0,"texture":"#0","tintindex":0},"north":{"uv":[3.875,7.75,4.3125,8.125],"rotation":0,"texture":"#0","tintindex":0},"west":{"uv":[4.3125,7.75,4.75,8.125],"rotation":0,"texture":"#0","tintindex":0},"up":{"uv":[4.3125,7.75,3.875,7.3125],"rotation":0,"texture":"#0","tintindex":0},"down":{"uv":[4.75,7.3125,4.3125,7.75],"rotation":0,"texture":"#0","tintindex":0}}}],"textures":{"0":"modelengine:entity/darkguard_sword_punch"},"display":{"head":{"translation":[0.0,-6.4,0.0],"scale":[4.0,4.0,4.0]}}}