{"elements":[{"from":[5.166714,5.5366073,6.8152437],"to":[10.908714,8.459465,10.992101],"rotation":{"angle":-22.5,"axis":"x","origin":[11.036,4.454857,8.113143]},"faces":{"east":{"uv":[1.6875,7.375,2.125,7.6875],"rotation":0,"texture":"#0","tintindex":0},"south":{"uv":[3.1875,7.375,3.8125,7.6875],"rotation":0,"texture":"#0","tintindex":0},"north":{"uv":[2.125,7.375,2.75,7.6875],"rotation":0,"texture":"#0","tintindex":0},"west":{"uv":[2.75,7.375,3.1875,7.6875],"rotation":0,"texture":"#0","tintindex":0},"up":{"uv":[2.75,7.375,2.125,6.9375],"rotation":0,"texture":"#0","tintindex":0},"down":{"uv":[3.375,6.9375,2.75,7.375],"rotation":0,"texture":"#0","tintindex":0}}},{"from":[5.7701426,2.7998276,5.7818356],"to":[10.229857,6.682685,9.958693],"rotation":{"angle":0.0,"axis":"y","origin":[6.152,5.2212563,7.8702645]},"faces":{"east":{"uv":[7.375,5.75,7.8125,6.125],"rotation":0,"texture":"#0","tintindex":0},"south":{"uv":[8.6875,5.75,9.125,6.125],"rotation":0,"texture":"#0","tintindex":0},"north":{"uv":[7.8125,5.75,8.25,6.125],"rotation":0,"texture":"#0","tintindex":0},"west":{"uv":[8.25,5.75,8.6875,6.125],"rotation":0,"texture":"#0","tintindex":0},"up":{"uv":[8.25,5.75,7.8125,5.3125],"rotation":0,"texture":"#0","tintindex":0},"down":{"uv":[8.6875,5.3125,8.25,5.75],"rotation":0,"texture":"#0","tintindex":0}}}],"textures":{"0":"modelengine:entity/darkguard_sword_punch"},"display":{"head":{"translation":[0.0,-6.4,0.0],"scale":[4.0,4.0,4.0]}}}