{"elements":[{"from":[5.909214,2.9722118,4.829643],"to":[10.090786,7.8986406,10.340643],"rotation":{"angle":0.0,"axis":"y","origin":[20.707357,-18.614504,6.3240714]},"faces":{"east":{"uv":[3.9375,5.5,4.5,6.0],"rotation":0,"texture":"#0","tintindex":0},"south":{"uv":[5.5,5.5,5.9375,6.0],"rotation":0,"texture":"#0","tintindex":0},"north":{"uv":[4.5,5.5,4.9375,6.0],"rotation":0,"texture":"#0","tintindex":0},"west":{"uv":[4.9375,5.5,5.5,6.0],"rotation":0,"texture":"#0","tintindex":0},"up":{"uv":[4.9375,5.5,4.5,4.9375],"rotation":0,"texture":"#0","tintindex":0},"down":{"uv":[5.375,4.9375,4.9375,5.5],"rotation":0,"texture":"#0","tintindex":0}}},{"from":[4.7663565,-1.3632174,4.258214],"to":[9.935214,2.9722114,11.207071],"rotation":{"angle":0.0,"axis":"y","origin":[5.4566426,-15.694647,6.715357]},"faces":{"east":{"uv":[2.1875,2.9375,2.9375,3.375],"rotation":0,"texture":"#0","tintindex":0},"south":{"uv":[4.25,2.9375,4.8125,3.375],"rotation":0,"texture":"#0","tintindex":0},"north":{"uv":[2.9375,2.9375,3.5,3.375],"rotation":0,"texture":"#0","tintindex":0},"west":{"uv":[3.5,2.9375,4.25,3.375],"rotation":0,"texture":"#0","tintindex":0},"up":{"uv":[3.5,2.9375,2.9375,2.1875],"rotation":0,"texture":"#0","tintindex":0},"down":{"uv":[4.0625,2.1875,3.5,2.9375],"rotation":0,"texture":"#0","tintindex":0}}},{"from":[4.7663565,-1.7632179,3.515357],"to":[7.6495,0.85792494,5.321357],"rotation":{"angle":-22.5,"axis":"x","origin":[3.380643,-0.50214577,4.418357]},"faces":{"east":{"uv":[4.125,2.625,4.3125,2.875],"rotation":0,"texture":"#0","tintindex":0},"south":{"uv":[4.8125,2.625,5.125,2.875],"rotation":0,"texture":"#0","tintindex":0},"north":{"uv":[4.3125,2.625,4.625,2.875],"rotation":0,"texture":"#0","tintindex":0},"west":{"uv":[4.625,2.625,4.8125,2.875],"rotation":0,"texture":"#0","tintindex":0},"up":{"uv":[4.625,2.625,4.3125,2.4375],"rotation":0,"texture":"#0","tintindex":0},"down":{"uv":[4.9375,2.4375,4.625,2.625],"rotation":0,"texture":"#0","tintindex":0}}},{"from":[8.480642,-2.4489317,3.6296425],"to":[10.792357,1.3150682,6.0070715],"rotation":{"angle":-45.0,"axis":"z","origin":[8.779357,0.0044965744,5.104071]},"faces":{"east":{"uv":[3.25,4.9375,3.5,5.3125],"rotation":0,"texture":"#0","tintindex":0},"south":{"uv":[4.0,4.9375,4.25,5.3125],"rotation":0,"texture":"#0","tintindex":0},"north":{"uv":[3.5,4.9375,3.75,5.3125],"rotation":0,"texture":"#0","tintindex":0},"west":{"uv":[3.75,4.9375,4.0,5.3125],"rotation":0,"texture":"#0","tintindex":0},"up":{"uv":[3.75,4.9375,3.5,4.6875],"rotation":0,"texture":"#0","tintindex":0},"down":{"uv":[4.0,4.6875,3.75,4.9375],"rotation":0,"texture":"#0","tintindex":0}}},{"from":[8.480642,-2.4489317,6.4296427],"to":[10.792357,1.3150682,8.807072],"rotation":{"angle":-45.0,"axis":"z","origin":[8.779357,0.0044965744,7.9040713]},"faces":{"east":{"uv":[3.25,4.9375,3.5,5.3125],"rotation":0,"texture":"#0","tintindex":0},"south":{"uv":[4.0,4.9375,4.25,5.3125],"rotation":0,"texture":"#0","tintindex":0},"north":{"uv":[3.5,4.9375,3.75,5.3125],"rotation":0,"texture":"#0","tintindex":0},"west":{"uv":[3.75,4.9375,4.0,5.3125],"rotation":0,"texture":"#0","tintindex":0},"up":{"uv":[3.75,4.9375,3.5,4.6875],"rotation":0,"texture":"#0","tintindex":0},"down":{"uv":[4.0,4.6875,3.75,4.9375],"rotation":0,"texture":"#0","tintindex":0}}},{"from":[8.480642,-2.4489317,9.286786],"to":[10.792357,1.3150682,11.664214],"rotation":{"angle":-45.0,"axis":"z","origin":[8.779357,0.0044965744,10.761214]},"faces":{"east":{"uv":[3.25,4.9375,3.5,5.3125],"rotation":0,"texture":"#0","tintindex":0},"south":{"uv":[4.0,4.9375,4.25,5.3125],"rotation":0,"texture":"#0","tintindex":0},"north":{"uv":[3.5,4.9375,3.75,5.3125],"rotation":0,"texture":"#0","tintindex":0},"west":{"uv":[3.75,4.9375,4.0,5.3125],"rotation":0,"texture":"#0","tintindex":0},"up":{"uv":[3.75,4.9375,3.5,4.6875],"rotation":0,"texture":"#0","tintindex":0},"down":{"uv":[4.0,4.6875,3.75,4.9375],"rotation":0,"texture":"#0","tintindex":0}}}],"textures":{"0":"modelengine:entity/darkguard_sword_punch"},"display":{"head":{"translation":[0.0,-6.4,0.0],"scale":[4.0,4.0,4.0]}}}