{"elements":[{"from":[5.76425,4.9938927,7.3336787],"to":[10.294679,9.730036,12.665536],"rotation":{"angle":0.0,"axis":"y","origin":[1.7335353,-24.729683,8.51225]},"faces":{"east":{"uv":[6.25,3.6875,6.8125,4.1875],"rotation":0,"texture":"#0","tintindex":0},"south":{"uv":[7.8125,3.6875,8.25,4.1875],"rotation":0,"texture":"#0","tintindex":0},"north":{"uv":[6.8125,3.6875,7.25,4.1875],"rotation":0,"texture":"#0","tintindex":0},"west":{"uv":[7.25,3.6875,7.8125,4.1875],"rotation":0,"texture":"#0","tintindex":0},"up":{"uv":[7.25,3.6875,6.8125,3.125],"rotation":0,"texture":"#0","tintindex":0},"down":{"uv":[7.6875,3.125,7.25,3.6875],"rotation":0,"texture":"#0","tintindex":0}}},{"from":[5.9575357,2.4246073,5.2688212],"to":[9.983536,5.0457497,12.217679],"rotation":{"angle":0.0,"axis":"y","origin":[5.504964,-11.906822,7.154536]},"faces":{"east":{"uv":[4.4375,2.125,5.1875,2.375],"rotation":0,"texture":"#0","tintindex":0},"south":{"uv":[6.375,2.125,6.8125,2.375],"rotation":0,"texture":"#0","tintindex":0},"north":{"uv":[5.1875,2.125,5.625,2.375],"rotation":0,"texture":"#0","tintindex":0},"west":{"uv":[5.625,2.125,6.375,2.375],"rotation":0,"texture":"#0","tintindex":0},"up":{"uv":[5.625,2.125,5.1875,1.375],"rotation":0,"texture":"#0","tintindex":0},"down":{"uv":[6.0625,1.375,5.625,2.125],"rotation":0,"texture":"#0","tintindex":0}}}],"textures":{"0":"modelengine:entity/darkguard_sword_punch"},"display":{"head":{"translation":[0.0,-6.4,0.0],"scale":[4.0,4.0,4.0]}}}