{"elements":[{"from":[5.909214,3.0682144,5.2445],"to":[10.090786,7.9946427,10.7555],"rotation":{"angle":0.0,"axis":"y","origin":[14.673071,-18.518501,6.7389283]},"faces":{"east":{"uv":[2.0625,6.375,2.625,6.875],"rotation":0,"texture":"#0","tintindex":0},"south":{"uv":[3.625,6.375,4.0625,6.875],"rotation":0,"texture":"#0","tintindex":0},"north":{"uv":[2.625,6.375,3.0625,6.875],"rotation":0,"texture":"#0","tintindex":0},"west":{"uv":[3.0625,6.375,3.625,6.875],"rotation":0,"texture":"#0","tintindex":0},"up":{"uv":[3.0625,6.375,2.625,5.8125],"rotation":0,"texture":"#0","tintindex":0},"down":{"uv":[3.5,5.8125,3.0625,6.375],"rotation":0,"texture":"#0","tintindex":0}}},{"from":[5.9139285,-1.2672157,4.6730714],"to":[11.233643,3.0682135,11.621928],"rotation":{"angle":0.0,"axis":"y","origin":[9.638214,-15.598644,7.130214]},"faces":{"east":{"uv":[0.0,3.6875,0.75,4.125],"rotation":0,"texture":"#0","tintindex":0},"south":{"uv":[2.0625,3.6875,2.625,4.125],"rotation":0,"texture":"#0","tintindex":0},"north":{"uv":[0.75,3.6875,1.3125,4.125],"rotation":0,"texture":"#0","tintindex":0},"west":{"uv":[1.3125,3.6875,2.0625,4.125],"rotation":0,"texture":"#0","tintindex":0},"up":{"uv":[1.3125,3.6875,0.75,2.9375],"rotation":0,"texture":"#0","tintindex":0},"down":{"uv":[1.875,2.9375,1.3125,3.6875],"rotation":0,"texture":"#0","tintindex":0}}},{"from":[8.199643,-1.6672153,3.930214],"to":[11.233643,0.9539275,5.736214],"rotation":{"angle":-22.5,"axis":"x","origin":[12.543928,-0.30714417,4.833214]},"faces":{"east":{"uv":[7.75,3.1875,7.9375,3.4375],"rotation":0,"texture":"#0","tintindex":0},"south":{"uv":[8.4375,3.1875,8.75,3.4375],"rotation":0,"texture":"#0","tintindex":0},"north":{"uv":[7.9375,3.1875,8.25,3.4375],"rotation":0,"texture":"#0","tintindex":0},"west":{"uv":[8.25,3.1875,8.4375,3.4375],"rotation":0,"texture":"#0","tintindex":0},"up":{"uv":[8.25,3.1875,7.9375,3.0],"rotation":0,"texture":"#0","tintindex":0},"down":{"uv":[8.5625,3.0,8.25,3.1875],"rotation":0,"texture":"#0","tintindex":0}}},{"from":[4.6819286,-2.253931,7.1130714],"to":[6.993643,1.5100694,9.4905],"rotation":{"angle":45.0,"axis":"z","origin":[6.6949286,0.19949818,8.016071]},"faces":{"east":{"uv":[3.75,4.9375,4.0,5.3125],"rotation":0,"texture":"#0","tintindex":0},"south":{"uv":[3.5,4.9375,3.75,5.3125],"rotation":0,"texture":"#0","tintindex":0},"north":{"uv":[4.0,4.9375,4.25,5.3125],"rotation":0,"texture":"#0","tintindex":0},"west":{"uv":[3.25,4.9375,3.5,5.3125],"rotation":0,"texture":"#0","tintindex":0},"up":{"uv":[3.75,4.9375,3.5,4.6875],"rotation":180,"texture":"#0","tintindex":0},"down":{"uv":[4.0,4.6875,3.75,4.9375],"rotation":180,"texture":"#0","tintindex":0}}},{"from":[4.6819286,-2.253931,4.2559285],"to":[6.993643,1.5100694,6.633357],"rotation":{"angle":45.0,"axis":"z","origin":[6.6949286,0.19949818,5.158929]},"faces":{"east":{"uv":[3.75,4.9375,4.0,5.3125],"rotation":0,"texture":"#0","tintindex":0},"south":{"uv":[3.5,4.9375,3.75,5.3125],"rotation":0,"texture":"#0","tintindex":0},"north":{"uv":[4.0,4.9375,4.25,5.3125],"rotation":0,"texture":"#0","tintindex":0},"west":{"uv":[3.25,4.9375,3.5,5.3125],"rotation":0,"texture":"#0","tintindex":0},"up":{"uv":[3.75,4.9375,3.5,4.6875],"rotation":180,"texture":"#0","tintindex":0},"down":{"uv":[4.0,4.6875,3.75,4.9375],"rotation":180,"texture":"#0","tintindex":0}}},{"from":[4.6819286,-2.253931,9.913072],"to":[6.993643,1.5100694,12.290501],"rotation":{"angle":45.0,"axis":"z","origin":[6.6949286,0.19949818,10.8160715]},"faces":{"east":{"uv":[3.75,4.9375,4.0,5.3125],"rotation":0,"texture":"#0","tintindex":0},"south":{"uv":[3.5,4.9375,3.75,5.3125],"rotation":0,"texture":"#0","tintindex":0},"north":{"uv":[4.0,4.9375,4.25,5.3125],"rotation":0,"texture":"#0","tintindex":0},"west":{"uv":[3.25,4.9375,3.5,5.3125],"rotation":0,"texture":"#0","tintindex":0},"up":{"uv":[3.75,4.9375,3.5,4.6875],"rotation":180,"texture":"#0","tintindex":0},"down":{"uv":[4.0,4.6875,3.75,4.9375],"rotation":180,"texture":"#0","tintindex":0}}}],"textures":{"0":"modelengine:entity/darkguard_sword_punch"},"display":{"head":{"translation":[0.0,-6.4,0.0],"scale":[4.0,4.0,4.0]}}}